StockCode,unit_price,2011-02-25,2011-02-27,2011-02-28,2011-03-01,2011-03-02,2011-03-03,2011-03-04,2011-03-06,2011-03-07,2011-03-08,2011-03-09,2011-03-10,2011-03-11,2011-03-13,2011-03-14,2011-03-15,2011-03-16,2011-03-17,2011-03-18,2011-03-20,2011-03-21,2011-03-22,2011-03-23,2011-03-24,2011-03-25,2011-03-27,2011-03-28,2011-03-29,2011-03-30,2011-03-31,2011-04-01,2011-04-03,2011-04-04,2011-04-05,2011-04-06,2011-04-07,2011-04-08,2011-04-10,2011-04-11,2011-04-12,2011-04-13,2011-04-14,2011-04-15,2011-04-17,2011-04-18,2011-04-19,2011-04-20,2011-04-21,2011-04-26,2011-04-27,2011-04-28,2011-05-01,2011-05-03,2011-05-04,2011-05-05,2011-05-06,2011-05-08,2011-05-09,2011-05-10,2011-05-11,2011-05-12,2011-05-13,2011-05-15,2011-05-16,2011-05-17,2011-05-18,2011-05-19,2011-05-20,2011-05-22,2011-05-23,2011-05-24,2011-05-25,2011-05-26,2011-05-27,2011-05-29,2011-05-31,2011-06-01,2011-06-02,2011-06-03,2011-06-05,2011-06-06,2011-06-07,2011-06-08,2011-06-09,2011-06-10,2011-06-12,2011-06-13,2011-06-14,2011-06-15,2011-06-16,2011-06-17,2011-06-19,2011-06-20,2011-06-21,2011-06-22,2011-06-23,2011-06-24,2011-06-26,2011-06-27,2011-06-28,2011-06-29,2011-06-30,2011-07-01,2011-07-03,2011-07-04,2011-07-05,2011-07-06,2011-07-07,2011-07-08,2011-07-10,2011-07-11,2011-07-12,2011-07-13,2011-07-14,2011-07-15,2011-07-17,2011-07-18,2011-07-19,2011-07-20,2011-07-21,2011-07-22,2011-07-24,2011-07-25,2011-07-26,2011-07-27,2011-07-28,2011-07-29,2011-07-31,2011-08-01,2011-08-02,2011-08-03,2011-08-04,2011-08-05,2011-08-07,2011-08-08,2011-08-09,2011-08-10,2011-08-11,2011-08-12,2011-08-14,2011-08-15,2011-08-16,2011-08-17,2011-08-18,2011-08-19,2011-08-21,2011-08-22,2011-08-23,2011-08-24,2011-08-25,2011-08-26,2011-08-28,2011-08-30,2011-08-31,2011-09-01,2011-09-02,2011-09-04,2011-09-05,2011-09-06,2011-09-07,2011-09-08,2011-09-09,2011-09-11,2011-09-12,2011-09-13,2011-09-14,2011-09-15,2011-09-16,2011-09-18,2011-09-19,2011-09-20,2011-09-21,2011-09-22,2011-09-23,2011-09-25,2011-09-26,2011-09-27,2011-09-28,2011-09-29,2011-09-30,2011-10-02,2011-10-03,2011-10-04,2011-10-05,2011-10-06,2011-10-07,2011-10-09,2011-10-10,2011-10-11,2011-10-12,2011-10-13,2011-10-14,2011-10-16,2011-10-17,2011-10-18,2011-10-19,2011-10-20,2011-10-21,2011-10-23,2011-10-24,2011-10-25,2011-10-26,2011-10-27,2011-10-28,2011-10-30,2011-10-31,2011-11-01,2011-11-02,2011-11-03,2011-11-04,2011-11-06,2011-11-07,2011-11-08,2011-11-09,2011-11-10,2011-11-11,2011-11-13,2011-11-14,2011-11-15,2011-11-16,2011-11-17,2011-11-18,2011-11-20,2011-11-21,2011-11-22,2011-11-23,2011-11-24,2011-11-25,2011-11-27,2011-11-28,2011-11-29,2011-11-30,2011-12-01,2011-12-02,2011-12-04,2011-12-05,2011-12-06,2011-12-07,2011-12-08,2011-12-09
15034,0.14,0,0,0,3,0,0,36,0,0,0,0,0,0,12,0,0,0,0,48,0,0,0,0,0,0,24,0,0,0,0,0,0,0,0,0,0,0,0,24,0,0,0,0,0,13,60,12,0,144,48,240,0,0,0,305,192,0,24,28,12,0,0,12,0,0,0,0,0,48,0,26,60,96,0,24,0,24,240,0,0,0,12,0,1248,0,12,24,0,0,0,0,24,24,0,0,12,0,0,0,0,1,0,24,0,3,0,0,0,0,0,0,0,0,0,0,48,96,0,0,1,24,0,0,4,0,12,0,0,7,0,12,0,0,0,26,0,50,24,0,0,0,0,0,24,0,0,0,0,0,24,24,0,14,0,24,12,0,12,72,0,0,24,0,0,0,6,3,12,0,0,168,24,0,0,24,0,13,0,0,0,1200,1,0,0,0,48,0,0,0,1,396,0,0,0,0,0,0,0,0,25,0,0,96,0,24,0,60,24,1,312,0,0,2,13,0,1,12,0,17,3,0,0,0,48,24,0,40,0,0,12,1,3,0,0,0,1,0,0,1,0
15036,0.83,48,0,38,16,0,7,30,0,45,4,84,224,0,12,12,0,48,634,612,36,24,51,0,0,0,24,28,0,1212,1,12,0,6,0,0,48,93,0,12,12,684,24,12,120,47,78,48,1,615,94,60,24,221,0,665,74,12,306,266,70,939,25,12,124,601,720,78,12,108,60,118,15,144,48,12,30,26,97,40,0,27,136,672,762,1,12,83,68,12,1026,36,60,18,38,36,49,16,12,72,12,5,30,24,24,35,1846,38,19,0,0,156,36,0,97,3,60,173,12,73,72,24,156,9,5,0,0,624,0,48,12,0,745,114,24,17,3,50,48,150,0,0,12,12,24,0,12,0,24,0,12,0,24,93,3,48,13,24,0,24,17,126,48,0,12,40,12,0,0,0,0,24,45,24,0,0,0,2,14,14,0,0,96,601,12,12,0,0,62,16,36,84,26,0,87,5,18,48,36,0,4,25,0,24,0,48,15,36,27,3,2,0,0,9,48,12,14,24,0,30,61,1,12,0,24,2,84,113,14,0,84,2,2,1,54,0,5,0,0,8,1
16014,0.42,0,0,0,0,0,0,0,0,0,0,0,0,0,0,0,0,0,60,0,0,0,0,1000,0,0,0,0,0,0,0,0,0,0,0,0,0,0,0,0,0,0,0,10,0,3,0,0,0,0,10,0,0,0,0,20,2001,600,0,20,30,80,0,0,0,0,0,0,0,0,0,0,20,0,0,0,0,0,0,0,0,0,0,20,0,0,0,0,0,0,0,0,12,0,0,0,0,0,0,0,0,0,0,0,0,0,0,0,20,0,0,0,0,20,0,20,0,0,0,0,0,0,0,0,0,0,0,0,0,0,0,0,0,0,0,0,0,0,10,0,0,0,0,1,0,0,0,0,20,2004,20,0,10,0,0,0,0,0,0,0,0,1000,20,0,0,0,0,0,0,0,0,0,20,0,20,0,1,0,0,0,0,0,0,0,0,0,0,0,0,10,0,0,0,10,0,0,20,0,0,0,0,0,0,0,0,0,0,0,3020,0,0,1,0,0,10,0,0,0,0,0,0,0,0,0,0,10,0,0,500,4,0,0,61,10,0,0,0,0,0,0,60
16045,0.04,0,0,0,0,0,100,0,0,0,0,0,0,0,0,0,0,0,0,0,0,0,0,0,0,0,0,0,0,100,0,0,0,0,0,0,0,0,0,0,0,0,0,0,0,0,0,0,0,0,0,0,0,0,0,0,0,0,0,0,0,0,0,0,0,0,0,0,0,0,0,0,0,0,0,0,0,0,0,0,0,0,100,0,500,0,0,0,0,0,300,0,0,100,100,0,0,0,0,0,0,100,0,0,0,0,0,0,100,100,0,0,0,0,200,0,100,100,100,0,100,0,900,200,0,0,100,0,100,0,100,0,100,0,0,100,0,0,0,0,0,200,100,200,0,0,100,100,0,0,0,0,0,0,0,0,0,100,200,0,0,0,100,100,0,0,0,0,500,0,0,0,0,100,0,0,0,100,100,0,100,0,0,0,200,300,100,0,100,0,0,100,0,0,300,0,100,200,0,0,0,0,0,0,0,200,100,0,100,0,0,0,0,0,0,0,0,300,0,100,0,100,0,100,0,0,100,0,0,0,200,0,0,0,0,100,100,0,0,0,0
17003,0.29,0,0,0,108,36,0,0,0,0,0,144,0,0,108,0,36,720,720,720,0,12,0,36,0,0,0,0,756,0,0,0,13,0,110,36,0,0,0,1,0,0,36,36,0,0,7,0,4,15,108,144,0,6,36,0,36,0,24,0,0,144,342,0,36,0,756,0,0,0,720,1,72,0,0,0,36,324,0,0,0,0,85,756,36,0,36,0,0,720,0,0,117,0,144,720,0,0,0,14,0,38,0,36,0,180,0,36,30,0,72,0,36,0,36,216,724,0,144,36,1,0,108,0,149,0,0,0,0,72,1,36,0,1,36,0,0,36,36,72,0,0,42,0,36,0,0,0,108,760,36,0,36,2,180,108,1,0,0,0,72,108,0,0,0,0,1,72,36,0,720,0,0,108,0,29,108,0,760,36,0,27,36,0,36,0,252,52,36,0,0,0,36,0,0,108,0,36,0,60,0,54,0,1476,0,154,37,0,0,0,27,36,0,0,9,36,0,64,190,0,87,0,2,36,108,130,4,51,37,144,0,38,72,14,1,5,17,114,70,76,0
20668,0.12,0,0,0,0,0,0,0,0,0,0,0,0,144,0,0,4,0,0,24,0,0,36,0,0,3,0,0,0,0,24,0,0,6,0,0,0,0,0,0,0,0,0,1,0,0,0,0,0,0,48,0,0,0,0,0,24,0,0,4,0,8,24,0,0,0,0,0,24,0,48,0,0,0,0,0,0,0,0,144,24,0,102,25,48,0,0,0,0,0,0,0,0,0,48,0,0,0,0,28,0,0,48,0,0,24,0,0,0,2,72,0,0,0,0,0,0,48,0,30,0,0,0,78,0,24,0,48,0,0,576,0,96,74,0,0,0,0,12,0,0,0,0,48,0,0,96,0,120,0,0,0,144,0,0,0,0,0,0,0,1,0,0,96,0,24,0,24,0,48,0,24,0,0,6,0,48,24,1,24,0,48,0,7,0,24,0,24,204,0,96,0,48,0,624,156,168,347,0,42,12,48,312,0,6,96,103,96,48,51,29,1,600,120,600,48,0,54,96,144,24,216,142,96,124,168,341,96,120,173,24,48,942,471,3,168,12,89,624,106,25
20712,2.08,21,0,24,2,2,12,11,1,45,50,0,10,300,0,10,14,20,42,20,1,11,31,120,21,111,3,101,402,14,18,13,0,20,100,0,6,20,13,10,4,0,43,28,0,19,25,10,13,34,34,5,0,28,31,23,7,2,20,131,124,111,12,0,11,38,123,10,14,0,8,14,134,14,24,10,23,204,128,0,20,10,13,67,31,27,13,21,112,42,11,0,3,62,17,0,6,11,0,16,22,25,11,20,3,22,21,2,10,53,5,10,23,11,1,111,10,36,50,45,19,1,10,10,4,122,17,10,20,2,11,10,12,13,10,20,306,2,111,6,12,12,25,65,50,20,12,24,12,177,35,10,0,11,36,10,14,5,102,11,51,14,4,10,1,136,10,37,22,2,160,35,124,132,42,20,10,47,42,120,35,3,1,22,2,250,9,5,15,211,112,41,21,0,42,23,30,110,10,1,27,14,35,112,32,30,41,2,107,1,4,20,32,32,23,33,119,11,31,2,25,14,2,10,4,135,39,12,23,7,12,51,21,23,3,23,18,20,47,19,3
20713,2.08,23,0,32,4,24,0,11,0,23,14,220,12,13,0,22,13,0,762,47,0,22,16,117,21,44,3,121,34,0,3,0,0,0,0,0,0,0,0,0,0,0,0,0,0,0,0,0,0,0,0,0,0,0,0,0,0,0,0,0,0,0,0,0,0,0,0,0,0,0,0,0,0,0,0,0,0,0,0,0,0,0,0,0,23,0,1,0,112,3,12,5,3,212,30,10,17,2,0,8,410,11,30,30,3,13,24,111,308,130,3,1,15,18,0,10,9,23,0,129,81,13,4,25,22,122,10,10,1,1,0,25,2,101,0,23,112,132,67,11,3,15,20,132,10,60,12,60,30,666,71,26,5,13,121,3,33,0,24,140,79,23,20,3,25,346,13,47,46,125,120,242,136,225,9,30,30,29,6,116,37,0,110,13,11,372,0,0,217,0,0,15,0,0,0,0,0,0,0,0,6,3,113,0,10,106,19,20,0,2,3,40,12,22,221,4,4,24,106,3,20,0,3,14,1,3,17,0,23,6,32,101,10,50,234,0,31,12,33,134,18
20719,0.85,16,100,15,100,20,1,20,2,116,44,3,121,69,0,100,73,0,65,50,1,13,36,50,23,131,0,78,408,21,105,0,0,1,102,76,10,20,2,30,10,10,21,81,10,16,40,38,12,45,50,10,0,68,20,148,6,1,3,98,110,150,35,0,13,54,22,22,2,13,21,0,27,220,64,0,25,3,1,23,43,0,21,146,24,124,20,6,24,20,140,33,110,59,155,10,8,11,10,18,357,69,33,40,5,38,46,31,12,21,4,0,51,15,42,0,7,22,71,37,0,33,120,33,33,60,17,31,0,21,122,2,18,14,40,30,211,81,221,21,3,0,55,10,170,40,0,42,6,79,20,43,0,32,22,0,72,3,24,32,8,48,44,1,20,46,102,6,43,33,225,16,19,120,86,0,0,35,52,21,1,7,36,60,2,21,57,3,25,88,2,30,54,0,53,78,21,120,35,4,17,45,18,110,29,27,46,14,7,1,53,24,0,69,21,25,79,20,15,44,42,13,119,66,2,123,3,8,81,24,44,63,59,26,53,82,6,77,140,95,40
20723,0.85,120,20,45,10,30,15,20,3,44,33,10,143,35,0,20,28,0,64,28,0,22,30,20,26,40,0,15,287,10,41,0,0,12,52,54,47,2,6,61,20,0,124,24,0,24,13,41,53,34,80,11,0,52,1,22,23,23,2,97,1,144,135,0,11,20,1,5,80,3,22,10,21,12,82,0,31,2,5,10,32,11,134,56,46,25,6,0,24,30,10,44,0,33,22,20,22,150,0,29,157,77,2,80,10,34,60,26,35,35,4,2,29,43,26,0,2,23,69,15,10,35,120,14,49,20,0,22,14,20,103,3,154,7,20,42,121,66,121,110,12,0,47,2,61,30,2,50,13,63,20,45,1,24,1,6,141,0,19,29,6,30,46,204,111,29,93,43,49,30,15,38,7,130,26,0,0,27,31,20,2,14,23,68,12,10,47,0,19,47,12,34,55,0,14,56,10,20,35,2,12,57,12,16,23,35,42,60,4,1,61,12,0,44,10,23,44,22,19,45,12,26,46,21,2,149,10,66,78,38,44,45,54,5,71,51,5,87,20,74,44
20724,0.85,33,100,49,100,20,15,22,17,81,49,26,113,55,2,5,65,0,76,36,0,36,148,120,10,50,0,36,378,20,58,10,0,33,3,62,26,41,13,58,10,10,108,83,2,41,30,62,61,36,77,112,0,88,12,51,15,5,122,115,1,320,52,0,52,54,20,12,31,33,24,10,16,26,93,17,61,114,0,22,47,0,152,84,11,151,156,0,37,20,42,58,2,28,54,20,28,222,6,9,383,112,14,60,20,16,105,23,26,74,1,11,51,45,26,1,2,6,27,126,0,49,131,122,51,52,17,30,14,10,149,2,278,40,26,40,231,134,10,0,10,20,58,3,210,40,0,40,16,224,35,247,0,27,12,6,60,15,51,47,120,52,104,206,40,66,106,65,48,30,125,75,117,150,127,20,30,63,48,66,2,27,34,108,43,73,74,0,28,93,49,72,68,3,54,71,36,224,56,6,218,55,13,15,71,44,82,30,22,2,94,30,0,122,223,31,111,65,42,108,52,62,161,30,12,228,213,63,149,70,64,124,101,29,109,123,37,117,230,133,69
20725,1.65,177,2,11,102,10,26,20,6,1,65,21,36,25,0,152,13,4,42,14,53,75,43,21,35,205,0,76,206,157,97,40,11,42,2,84,17,80,22,94,61,34,40,73,3,143,36,85,104,62,69,23,10,75,1,38,140,35,113,73,160,432,91,16,108,59,22,83,120,53,64,66,107,263,176,8,42,11,26,41,64,20,195,236,54,55,25,11,25,168,47,84,113,27,65,22,50,41,33,25,139,3,58,32,46,194,27,39,10,158,12,45,40,38,43,12,53,63,286,25,30,68,124,42,59,70,141,49,24,54,259,34,246,6,4,157,91,175,218,71,13,40,120,122,95,30,26,55,127,40,80,20,19,21,31,55,57,38,209,66,160,10,57,22,42,51,122,87,25,2,301,37,15,53,46,40,3,57,89,105,64,0,41,79,90,60,50,2,36,114,52,75,160,6,22,65,26,110,39,14,8,37,52,45,94,78,10,6,117,30,38,122,130,61,161,93,88,23,155,232,66,71,77,49,37,47,37,44,93,18,58,49,91,51,72,10,50,85,35,52,42
20726,1.65,20,0,22,10,10,15,0,4,2,35,15,25,17,1,140,10,0,46,10,14,43,8,28,11,42,0,24,207,231,46,20,0,23,15,34,14,41,10,12,30,10,52,20,4,13,38,28,15,62,26,133,13,35,11,58,24,35,83,50,133,323,61,2,39,10,20,40,40,10,13,35,32,212,45,15,28,6,7,14,28,30,130,91,42,30,2,10,20,4,22,13,100,10,65,26,49,30,3,3,113,12,27,30,4,38,23,32,30,14,3,28,28,25,53,111,5,18,99,26,30,51,15,35,28,161,40,62,44,20,54,33,6,4,5,33,40,47,150,56,10,35,95,28,130,30,23,36,57,40,54,15,11,38,100,16,39,36,19,27,45,20,1,23,25,34,40,20,31,2,221,6,45,47,17,11,0,34,61,50,8,0,32,31,42,62,9,7,55,13,10,4,30,3,23,44,18,16,2,0,9,27,3,4,25,37,6,15,114,21,22,14,12,29,62,10,22,14,61,16,22,28,37,50,10,37,14,8,21,19,13,25,7,12,12,8,74,16,33,37,4
20727,1.65,20,2,0,122,2,39,0,5,9,22,20,24,100,10,14,20,0,31,4,45,77,24,5,15,55,0,55,170,134,57,28,3,7,4,16,14,21,20,24,30,11,50,20,12,18,1,58,10,63,40,21,20,57,101,27,78,19,48,163,36,50,60,12,71,80,16,33,20,23,51,22,16,3,16,19,20,4,103,12,69,40,33,69,7,4,27,0,21,141,25,42,12,166,40,25,41,124,9,36,25,2,37,43,28,126,50,58,63,142,9,60,32,34,58,22,29,61,82,17,32,42,72,46,121,40,42,51,16,2,56,11,280,16,4,16,92,89,186,33,0,14,72,11,50,20,108,71,49,165,74,21,37,38,2,38,86,23,57,60,80,39,34,7,20,88,40,64,78,12,142,19,140,33,37,51,10,50,21,55,77,22,46,36,180,47,15,8,34,51,42,91,119,10,25,42,30,9,31,13,5,31,24,24,26,24,38,7,16,5,34,8,40,52,52,36,46,40,41,151,35,47,75,40,38,41,135,72,44,21,43,30,66,81,41,24,24,63,40,34,11
20728,1.65,18,10,40,11,1,15,10,2,31,49,2,54,21,4,20,7,6,20,6,35,41,116,21,38,131,6,183,37,140,37,30,0,110,15,33,12,40,6,58,30,40,10,46,2,31,42,42,26,57,43,2,10,38,100,49,40,13,82,48,24,48,117,2,50,77,21,33,70,25,23,18,9,52,57,10,51,2,86,36,33,35,50,95,36,59,27,31,16,22,14,32,12,6,139,10,26,141,2,46,221,1,34,42,34,145,33,17,150,242,3,97,14,24,46,11,19,31,166,157,60,24,72,48,29,61,41,33,36,1,38,60,302,8,2,47,132,83,100,41,11,34,102,34,20,30,18,50,120,32,67,42,32,11,121,16,40,2,10,35,31,13,37,112,50,77,30,55,34,2,111,41,17,67,17,10,2,43,66,71,41,12,12,37,31,64,19,4,15,69,4,0,42,13,11,74,10,124,19,0,3,75,25,124,30,18,16,0,6,10,52,17,20,50,10,31,17,34,23,27,14,11,66,54,62,17,242,35,33,7,51,22,39,15,12,7,11,25,28,17,5
20914,2.95,56,7,3,0,14,17,38,3,4,15,17,0,6,1,22,6,0,19,6,7,16,42,14,24,16,0,6,10,33,15,6,4,15,13,34,4,2,14,44,34,1,18,29,39,17,2,31,6,11,33,8,0,0,23,9,39,13,43,10,60,3,20,6,48,2,21,19,12,20,0,40,39,13,7,8,6,18,25,8,27,8,17,19,7,3,18,2,17,18,121,18,0,10,0,0,38,7,2,33,6,8,0,7,14,17,57,19,13,8,2,68,27,5,12,7,18,19,49,9,6,2,36,1,31,0,25,24,434,38,5,25,57,11,12,6,68,9,3,45,2,12,6,21,21,5,9,42,10,10,6,20,102,15,7,10,2,10,59,1,34,14,24,46,2,39,4,1,18,22,54,12,15,89,5,1,7,6,20,25,1,2,15,6,19,52,3,8,3,14,0,4,0,1,21,16,18,33,2,3,7,7,13,60,56,20,11,37,17,5,48,21,2,12,14,67,7,15,21,20,77,30,17,28,53,34,7,23,23,16,54,69,47,44,15,5,25,13,18,25,2
20971,1.25,12,0,14,12,36,12,25,7,1,25,0,36,3,6,9,16,1,24,1,0,36,0,14,0,0,0,0,146,16,16,0,7,24,1,0,2,20,14,0,24,12,24,0,25,12,25,0,2,24,13,36,5,0,0,0,36,19,12,0,24,12,0,12,12,24,0,24,24,9,2,0,12,24,3,12,0,0,13,12,0,1,3,48,27,0,14,0,0,1,20,12,2,0,0,0,14,10,1,5,12,0,1,12,3,15,21,13,2,0,0,13,1,14,0,12,2,0,12,12,0,25,0,35,0,0,39,0,0,24,12,39,3,12,5,24,12,1,300,0,8,12,12,588,12,0,12,0,2,41,12,0,6,36,0,0,0,5,0,36,48,12,26,21,0,37,19,17,2,12,24,16,17,16,25,2,18,48,194,3,12,5,1,39,60,26,2868,19,13,1308,25,144,25,0,3,12,12,216,1,2,11,2,12,48,12,5,5,14,25,17,13,29,266,17,27,97,33,13,302,230,40,14,51,30,16,22,16,3,30,7,39,15,24,124,27,27,22,13,14,151,2
20972,1.25,0,0,43,36,48,25,24,6,48,13,12,36,27,1,26,12,2,14,13,3,24,0,2,12,0,0,0,13,177,24,0,0,0,1,1,1,12,13,12,54,0,12,0,28,12,0,48,0,24,18,24,6,12,12,0,24,27,0,12,18,2,0,24,0,25,0,12,12,58,50,0,13,12,169,2,39,0,38,0,12,8,0,29,36,0,14,12,0,12,32,12,12,2,0,0,0,0,39,8,144,48,0,48,3,28,50,18,12,0,1,26,1,0,12,16,0,0,24,24,0,12,12,22,0,24,3,13,168,12,24,50,291,41,4,24,24,0,405,0,12,12,12,2,48,36,0,12,2,24,0,12,1,39,0,0,24,0,27,27,49,40,12,18,170,49,18,36,0,17,4,12,28,24,13,14,27,36,170,1,48,4,4,68,24,14,121,2,37,61,12,24,50,0,15,14,12,66,14,0,32,15,24,52,0,5,21,1,144,16,23,24,12,45,39,112,14,25,92,79,56,12,51,31,16,50,21,6,46,12,46,18,13,25,16,42,44,36,13,30,3
20974,0.65,24,0,35,0,0,0,0,24,0,0,29,84,0,0,384,3,96,28,24,11,5,29,78,0,48,2,48,24,2,5,4,0,144,24,8,2,0,48,24,24,0,24,0,24,4,53,48,2,0,2,48,3,1,0,60,9,3,1,27,146,2,31,12,12,4,51,51,0,24,42,5,24,24,0,0,4,74,6,36,3,0,181,0,1,24,0,96,0,2,50,48,24,1,25,48,28,10,3,2,120,0,28,25,0,1,1,49,24,0,0,55,0,4,24,0,16,27,0,24,0,0,0,48,33,0,30,0,1,1,5,9,480,1,0,24,0,1,480,0,6,0,0,24,0,0,0,51,0,0,0,3,0,8,0,4,1,30,0,0,4,0,49,49,12,48,2,5,0,10,3,1,3,34,8,12,0,0,6,0,72,55,16,45,25,24,121,0,55,72,27,1,52,48,13,150,0,24,6,4,5,60,4,58,0,37,0,0,0,0,6,3,15,97,412,16,23,37,0,0,0,0,0,0,0,1,0,0,0,0,0,0,0,0,0,0,0,0,8,3,1
20975,0.65,24,48,30,1,50,2,0,0,3,48,5,84,0,0,776,0,50,25,29,10,3,4,72,0,30,2,15,0,4,7,4,0,0,24,8,0,13,48,48,24,5,24,24,0,3,83,48,1,2,2,74,12,10,72,73,43,4,43,97,148,4,56,0,18,2,25,0,0,0,12,3,0,0,0,0,0,0,2,0,0,0,0,0,0,0,0,0,0,0,0,0,0,0,0,0,0,0,0,0,0,0,0,0,0,0,0,0,0,0,0,0,0,0,0,0,0,0,0,0,0,0,0,0,0,0,0,0,0,0,0,0,0,0,0,0,0,0,0,0,0,0,0,0,0,0,0,0,0,0,0,0,0,0,0,0,0,0,0,0,0,0,0,0,0,0,0,0,0,0,0,0,0,5,0,24,24,168,26,0,24,53,528,3,1,5,220,3,72,144,24,25,5,24,48,48,121,0,2,6,3,84,2,36,3,4,48,3,25,2,0,18,9,79,52,32,42,81,29,48,119,51,2,8,32,81,36,57,26,16,25,9,13,72,38,26,75,51,8,31,0
21080,0.85,13,5,100,73,12,211,2,10,3,22,56,2,49,4,120,49,108,114,96,157,42,7,97,35,48,4,26,147,130,246,28,9,108,14,13,14,20,16,39,123,207,12,36,43,31,28,67,51,15,19,122,5,50,13,39,66,44,8,27,19,152,138,5,44,29,117,62,27,24,132,134,87,24,0,13,1,28,56,4,16,36,125,27,114,14,7,28,34,212,37,36,121,54,31,152,68,30,3,10,12,11,35,28,4,35,40,124,30,34,7,38,6,10,27,0,11,11,38,10,14,1,24,18,10,1,12,102,26,14,146,35,119,46,0,22,10,14,35,20,12,12,12,51,48,36,3,0,40,132,62,48,12,45,43,4,38,64,38,10,71,0,27,100,98,28,25,22,18,13,72,24,166,3,25,6,10,99,8,12,39,7,8,16,50,6,60,2,20,14,23,6,2,14,30,121,16,120,0,1,32,4,6,28,132,30,46,16,4,16,39,13,18,39,1,41,30,127,30,0,103,12,30,29,27,29,198,16,13,11,17,15,9,6,50,21,48,99,5,5,0
21086,0.65,24,15,216,72,0,237,8,0,0,0,24,0,24,0,0,25,84,0,12,30,36,16,97,39,29,0,1,49,34,126,0,8,217,12,12,2,26,0,12,222,0,6,2,6,24,26,0,20,13,8,48,24,27,6,26,41,12,33,35,24,12,15,25,4,4,223,18,5,6,33,27,39,12,10,10,6,30,52,0,0,0,3,68,48,4,4,0,8,139,0,0,36,35,32,216,34,4,3,6,24,13,6,24,0,10,20,80,14,27,0,0,12,9,47,0,0,3,24,0,0,0,11,4,10,5,0,63,0,0,48,7,106,50,0,3,0,13,33,10,0,0,12,0,0,12,0,12,24,20,60,12,0,31,18,216,15,12,8,0,39,39,16,0,3,8,26,12,12,0,72,0,19,6,9,2,6,0,217,12,28,2,5,0,5,2,48,4,0,12,32,0,0,5,6,0,0,15,24,0,2,0,0,12,120,12,15,12,0,0,36,0,1,220,12,12,58,0,25,0,6,0,6,2,51,48,2,24,2,0,20,0,4,3,12,0,12,12,0,0,0
21094,0.85,36,3,2,26,0,149,7,96,0,3,24,0,96,5,13,18,204,7,12,42,66,22,96,32,31,0,3,156,35,109,0,8,100,13,12,4,30,3,12,3,0,6,6,0,50,48,4,15,12,8,8,12,27,11,129,22,12,34,35,26,12,96,12,16,18,203,37,12,2,130,126,39,0,9,10,10,27,29,0,0,0,129,60,12,5,2,0,8,115,11,12,53,27,49,120,40,91,3,104,12,21,81,24,0,36,36,191,17,25,6,108,13,11,48,23,0,10,36,7,1,9,24,12,26,6,0,74,3,14,145,9,114,67,0,4,4,14,21,13,0,4,0,4,0,12,0,12,36,18,60,12,0,76,27,0,12,24,8,0,52,36,107,96,0,4,25,17,0,0,168,12,41,0,2,2,1,194,20,26,44,10,15,3,5,11,60,3,9,12,23,6,0,5,8,100,0,36,0,0,16,0,1,12,120,12,19,0,6,0,39,17,18,4,0,13,57,12,15,0,7,0,8,2,36,36,2,24,5,0,28,0,17,11,0,0,12,32,0,7,0
21108,2.1,0,0,0,1,9,9,18,9,11,0,0,9,0,0,9,0,0,1,0,0,0,12,0,18,1,6,9,0,0,0,0,1,0,0,0,0,0,0,0,0,0,9,0,0,3123,0,0,9,3,0,0,0,0,0,0,0,0,0,0,0,0,0,0,0,0,0,0,9,2,0,1,0,0,0,0,0,1,0,0,0,0,0,0,7,0,0,0,0,0,0,0,0,1,0,0,0,0,9,0,9,3,0,0,0,0,0,18,0,0,0,0,0,0,0,0,9,1,0,0,0,0,4,3,0,0,2,0,9,0,0,1,9,9,0,0,0,4,0,0,0,0,9,0,0,0,9,0,9,0,0,0,0,0,0,9,9,0,0,0,1,0,0,9,0,0,9,0,0,0,0,0,1,0,2,3,0,0,29,9,0,0,0,0,0,18,19,3,45,18,19,18,18,18,36,128,36,36,9,18,19,18,72,63,18,63,18,36,54,45,0,54,36,54,612,72,112,54,298,54,59,64,27,171,18,163,117,55,36,0,90,82,0,27,1,27,2,6,54,55,36
21121,1.25,48,1,26,28,0,25,24,0,3,10,48,0,49,0,0,5,26,2,5,72,49,8,48,1,29,0,0,0,10,1,0,1,25,4,0,24,1,29,48,24,1,0,2,0,2,7,24,24,0,2,0,0,2,8,0,25,7,0,2,1,126,1,27,7,27,0,32,1,1,56,0,24,0,2,0,5,0,28,0,24,48,9,24,0,96,0,3,0,290,25,96,24,52,3,293,27,24,6,0,288,0,2,0,0,1,0,6,0,0,3,0,24,24,0,24,0,24,0,6,0,24,24,24,24,0,72,24,1,24,26,0,0,7,6,7,24,49,0,24,1,0,0,51,24,48,2,48,24,48,0,24,0,3,0,24,48,48,0,2,73,96,0,10,0,8,0,4,8,2,48,0,48,1,26,0,0,28,24,30,24,4,25,0,0,0,0,3,28,24,24,48,24,5,1,24,25,55,384,1,24,0,9,6,2,6,8,0,1,26,28,0,4,2,0,0,54,0,1,26,3,50,72,4,48,12,52,0,2,0,0,0,30,0,3,4,1,25,0,28,48
21137,3.75,0,0,0,0,0,0,0,0,0,0,0,6,0,0,0,8,27,24,48,13,0,0,70,11,24,12,8,24,6,8,0,4,2,0,0,9,0,0,0,0,0,60,24,0,14,0,96,0,8,0,28,2,314,76,2,4,0,32,24,0,8,15,2,28,8,0,0,0,0,0,0,0,0,0,0,0,0,0,336,168,0,8,0,7,3,0,370,1,193,301,0,0,15,108,0,0,8,0,120,0,0,40,76,0,5,20,5,0,48,12,0,0,72,4,24,0,0,1,73,0,108,72,0,29,9,30,48,0,0,0,0,0,0,0,0,0,25,0,48,0,48,0,1,168,5,48,4,0,4,12,0,0,4,0,0,96,76,4,0,0,0,0,100,32,4,171,0,3,0,0,0,0,24,9,5,48,9,28,110,0,7,36,100,0,41,128,0,11,3,0,9,0,2,128,4,0,38,12,2,0,1,24,17,49,4,16,10,240,92,74,1,10,44,556,170,73,4,11,14,58,3,149,24,22,18,20,9,508,7,20,77,18,0,66,2,24,227,25,1041,189
21166,2.08,62,9,13,5,36,36,2,12,15,28,4,161,48,4,14,13,12,31,147,27,14,17,15,73,2,3,5,8,9,85,6,5,175,26,2,3,0,15,96,11,73,110,89,3,21,7,12,4,16,52,24,12,1,16,42,180,10,2,3,209,46,12,48,64,9,163,2,72,2,10,4,8,2,87,6,34,2,6,24,17,16,26,61,20,1,3,13,1,249,15,4,3,19,3,25,2,12,0,50,0,3,24,27,12,0,2,193,49,2,0,0,2,0,192,0,0,2,0,0,0,0,0,0,0,0,0,0,0,1,0,0,0,0,0,0,0,0,0,0,0,0,0,0,0,0,0,0,0,0,0,0,0,0,0,0,0,25,396,130,60,23,108,27,2,31,168,29,27,2,25,438,74,30,17,7,120,25,15,75,219,3,147,22,65,26,49,2,40,30,60,26,12,12,25,0,24,27,0,1,146,8,96,14,24,20,30,7,98,205,48,20,40,25,3,0,2,0,192,0,0,0,0,0,0,0,0,0,0,12,500,63,127,308,113,31,254,32,127,23,5
21175,2.55,12,7,13,3,12,1,3,4,16,18,1,12,48,6,62,0,72,37,14,26,25,13,6,85,5,3,1,19,4,44,25,7,3,38,1,25,12,3,32,26,24,170,28,1,2067,2,24,5,0,2,13,12,19,29,41,31,12,14,27,61,56,0,1,12,15,38,48,60,7,16,16,12,5,24,4,43,1,12,46,3,18,24,20,5,12,1,12,31,1,14,14,26,54,24,28,15,2,1,15,5,14,29,26,0,1,50,14,11,36,7,72,3,4,225,1,1,72,113,49,39,0,18,2,12,12,4,24,16,72,24,36,20,4,4,63,36,37,30,48,15,24,14,15,7,0,1,12,0,0,0,0,0,1,0,0,0,15,20,49,97,13,109,48,12,43,74,15,12,10,13,257,38,31,1,14,36,24,17,39,26,4,243,2,28,49,1,0,142,39,60,1,48,12,37,4,24,1,0,2,101,15,9,51,26,19,32,14,18,193,62,16,41,15,74,40,19,77,198,3,5,35,18,84,244,22,27,22,16,6,4,45,236,2,89,14,50,25,6,42,50
21181,2.1,37,5,73,15,109,17,3,21,74,48,4,192,14,9,62,52,36,11,17,92,26,30,23,114,254,3,2,32,37,29,36,10,166,32,3,14,24,13,50,58,12,158,78,32,45,91,60,12,33,84,36,6,32,111,52,93,27,64,72,80,36,6,53,72,208,15,10,0,0,0,0,1,0,0,0,0,0,0,0,0,0,0,0,0,0,0,0,0,0,0,0,0,0,0,0,0,0,0,0,0,0,0,0,0,0,0,0,0,0,0,0,0,0,192,0,0,0,0,0,0,0,0,0,0,0,0,0,0,1,0,0,0,0,0,0,0,0,0,0,0,0,0,0,0,0,0,0,0,0,0,0,0,0,0,0,0,39,737,230,157,33,140,101,124,19,148,75,76,55,25,63,37,49,8,54,174,46,31,72,43,7,254,52,56,115,87,13,141,67,12,16,82,11,39,19,20,30,25,2,500,29,127,101,121,30,47,0,0,0,0,0,1,6,3,0,0,2,192,1,5,0,1,2,4,3,7,2,0,25,372,169,194,56,143,2,143,81,86,146,54
21212,0.55,76,100,104,120,121,25,199,120,86,229,97,336,64,2,555,100,360,27,35,226,53,59,125,211,51,28,50,524,78,94,30,9,295,98,162,13,76,25,131,86,24,240,65,54,208,79,1108,26,139,53,99,24,116,56,146,392,78,105,97,52,1236,128,29,129,38,217,50,29,136,63,98,27,24,136,12,47,25,78,3,76,48,173,124,78,160,36,1,38,409,122,139,147,57,36,26,59,0,3,36,53,7,2,24,1,97,378,32,564,35,6,27,73,29,27,73,24,66,112,95,1,33,28,195,184,48,50,72,534,24,40,127,198,30,26,51,144,36,27,74,3,78,51,72,1369,72,8,72,132,78,24,197,5,39,37,75,229,79,156,37,50,122,179,168,0,810,36,65,41,3,362,94,230,248,83,11,28,89,34,148,49,11,26,83,24,146,186,12,105,83,73,169,45,24,278,80,0,72,49,28,14,61,60,61,244,81,64,28,219,529,56,146,77,66,4,78,50,87,164,62,89,84,109,82,100,99,82,1,45,15,60,52,241,29,116,48,42,90,74,51,9
21213,0.55,28,0,0,24,1,25,146,120,13,48,15,45,7,0,264,23,0,1,28,24,58,21,27,73,29,0,1,374,0,54,7,8,26,51,33,49,0,25,268,36,0,49,6,4,0,5,993,25,32,0,120,0,231,48,24,27,32,10,63,24,30,38,11,28,30,0,24,0,0,12,50,25,0,47,12,15,29,3,120,88,49,10,76,28,3,12,2,36,219,48,52,146,34,1,144,54,1,2,24,0,28,24,25,0,25,483,2,24,0,3,28,1,26,2,2,147,6,96,24,1,27,6,76,29,1,48,72,5,72,0,144,25,0,0,52,6,0,26,0,4,0,6,48,721,48,29,72,36,21,96,2,4,10,0,2,154,53,35,281,26,55,12,391,26,625,123,36,55,0,290,38,4,35,50,3,89,26,38,52,28,9,24,43,73,55,79,0,32,7,24,50,61,2,120,81,100,48,33,2,2,30,24,151,263,35,59,0,1,48,69,50,24,6,25,1,47,14,27,10,15,50,32,29,26,6,28,0,0,4,26,27,121,24,6,6,50,3,48,3,2
21231,1.25,12,0,26,1,0,52,8,8,1,6,0,24,0,0,12,8,0,40,12,2,4,2,12,24,17,4,16,17,16,40,12,0,17,12,1,0,12,2,0,16,12,24,48,24,32,0,12,48,14,156,12,0,2,132,26,17,72,86,4,4,36,4,0,26,48,24,36,1,4,16,13,12,0,12,0,12,3,21,0,12,4,4,13,36,16,3,0,1,5,20,72,0,13,3,8,2,1,0,12,0,73,1,0,0,0,0,0,12,12,3,8,2,17,41,1,0,1,24,9,0,0,4,22,0,2,0,12,0,25,1,12,13,24,0,73,0,79,0,1,72,12,0,0,4,0,12,4,4,12,12,0,0,14,4,12,15,0,12,9,0,0,12,28,84,12,14,9,36,6,76,4,17,7,98,12,1,2,14,12,0,4,7,1,1,14,72,0,55,2,16,12,52,0,81,25,0,0,72,4,31,7,76,17,12,10,6,0,32,20,73,24,4,4,41,32,10,12,8,32,20,24,6,8,51,80,58,18,25,7,118,32,3,13,24,0,20,4,84,15,0
21232,1.25,49,4,128,4,12,41,49,72,120,102,4,45,41,4,0,32,12,64,36,2,20,16,180,39,92,0,27,38,112,52,36,7,12,172,0,0,12,4,0,16,24,24,89,25,73,1,12,53,18,180,16,0,22,144,25,71,0,28,34,3,24,47,0,63,56,96,73,13,28,24,30,13,16,39,4,8,2,92,0,12,12,1,57,44,6,75,13,22,4,20,15,12,50,23,9,10,85,12,9,29,26,16,16,8,1,19,18,44,0,7,49,13,38,57,1,0,2,145,11,0,13,6,46,1,12,0,36,0,33,13,8,85,2,0,5,12,7,21,2,72,24,1,63,12,12,0,4,0,75,15,51,4,27,0,36,11,0,4,35,2,157,49,40,49,105,14,14,25,10,112,16,18,7,40,14,39,32,105,12,25,1,5,40,65,13,14,2,42,41,89,288,30,0,123,12,5,28,85,6,4,15,76,37,1,4,34,0,53,84,41,25,17,28,0,57,19,30,84,577,14,66,2,26,75,7,94,2,46,1,37,64,56,251,31,24,75,3,142,30,14
21326,0.65,0,12,145,144,0,0,0,12,0,1,0,13,0,0,24,0,0,0,12,0,0,30,12,0,0,0,24,0,0,0,0,0,0,0,31,182,0,24,36,144,0,12,12,12,28,0,0,12,0,2,36,12,4,2,217,12,0,36,0,0,60,0,49,12,0,12,132,0,0,1,36,0,0,180,0,52,0,0,72,24,0,0,239,48,0,13,0,17,0,144,0,0,26,24,180,0,0,0,60,0,0,6,13,1,0,24,72,36,0,0,0,156,0,0,12,0,0,36,0,12,0,0,167,15,0,0,0,0,12,0,84,71,0,24,0,0,22,24,0,0,12,12,1,0,60,0,0,72,0,3,0,12,15,49,192,60,12,0,0,208,0,288,24,36,0,41,162,0,0,0,36,292,15,9,0,36,156,0,60,0,288,24,0,12,0,0,12,0,84,12,12,36,48,48,24,3,3,0,2,12,0,24,0,2,27,6,24,168,12,38,36,0,4,24,36,37,27,20,12,180,2,12,54,24,97,24,82,100,12,77,25,26,132,60,24,72,24,144,0,156
21497,0.42,0,25,25,0,0,25,0,0,25,0,100,0,25,25,0,25,0,25,0,0,0,25,100,25,0,0,0,25,25,25,25,0,50,0,50,0,25,0,25,25,300,50,0,100,25,0,0,50,50,25,0,0,0,25,25,25,50,0,75,50,25,0,0,0,50,25,0,0,75,25,0,25,0,25,0,25,0,0,25,0,25,25,0,0,0,0,25,0,25,25,50,0,25,0,0,25,25,0,0,25,0,25,0,0,25,25,75,0,0,25,25,0,75,25,0,25,50,25,0,50,50,0,0,25,0,25,50,0,25,0,25,100,50,25,25,0,50,50,0,0,25,25,0,25,50,25,0,0,25,0,0,25,0,1000,0,0,0,25,50,50,25,0,50,0,0,0,0,25,0,150,25,25,50,0,25,25,25,0,75,0,0,0,0,675,25,50,0,25,50,50,50,300,0,0,25,50,50,0,0,50,50,25,0,0,25,75,25,200,25,75,50,25,75,75,75,0,25,0,25,0,0,50,75,0,25,25,0,50,0,50,25,0,50,0,50,200,0,25,75,25
21498,0.42,25,25,0,25,400,0,0,0,25,25,25,0,0,0,0,35,25,0,0,0,25,25,0,0,25,0,0,25,75,50,25,0,25,0,25,100,25,0,50,50,25,25,0,0,0,0,25,0,25,25,0,0,600,25,50,50,50,75,25,0,0,0,0,25,0,25,25,25,0,125,50,0,0,50,0,50,25,0,50,75,25,0,125,50,25,0,25,0,25,75,50,0,25,200,0,25,25,50,25,0,50,25,25,25,25,75,50,0,0,25,50,0,100,75,0,25,75,50,75,50,25,25,50,25,0,50,25,25,25,0,0,125,75,0,0,75,50,0,25,25,25,0,25,50,0,0,50,0,25,25,0,0,25,0,25,0,0,25,100,0,50,25,75,0,25,75,0,25,25,175,25,50,25,0,75,0,125,0,100,75,0,0,25,125,0,0,0,75,75,25,75,0,0,25,50,0,25,0,0,25,150,25,100,0,25,50,50,25,75,125,25,0,25,0,50,50,75,0,25,100,75,50,25,25,150,100,0,0,0,0,100,50,25,50,50,100,0,25,125,0
21499,0.42,0,0,25,75,225,0,25,0,25,25,0,0,0,0,0,0,0,0,0,0,0,0,225,75,0,0,0,25,25,0,25,0,0,25,0,0,25,0,50,25,50,25,0,25,0,0,0,0,25,0,50,0,2,25,50,25,25,25,0,0,200,50,0,25,25,0,25,25,0,0,0,0,0,25,0,75,25,0,0,0,0,25,100,25,0,25,25,50,50,25,0,50,25,150,0,25,25,50,25,0,25,25,0,0,25,25,150,0,0,25,0,0,50,75,0,50,25,25,25,0,50,25,25,0,0,25,0,50,25,0,0,100,50,0,25,50,50,0,25,50,25,25,25,0,0,0,25,0,0,25,0,25,0,0,25,0,0,25,0,0,25,50,25,0,0,0,0,0,0,150,50,25,0,25,50,25,200,0,75,50,0,0,0,25,0,0,0,50,75,25,50,0,0,25,25,0,0,0,25,25,75,0,0,0,25,0,25,0,25,125,25,0,50,25,0,50,25,0,0,0,25,275,0,25,75,25,0,0,0,0,25,25,25,25,0,0,25,0,25,0
21500,0.42,0,0,25,100,300,0,50,0,0,50,0,0,25,0,50,0,25,25,25,25,0,0,150,75,0,0,25,25,0,0,25,0,0,0,0,0,25,25,50,25,25,25,0,25,0,0,0,0,25,0,25,0,0,25,125,0,0,25,0,0,200,50,0,0,0,0,25,0,0,0,25,0,0,0,0,25,0,25,25,0,0,25,25,75,0,25,0,25,25,25,0,25,0,25,0,25,25,50,0,0,25,25,0,0,50,50,75,0,0,0,0,0,50,50,0,25,25,0,0,25,25,25,25,25,0,25,0,25,25,0,0,100,75,0,25,75,50,25,0,25,0,25,50,0,25,0,50,0,0,50,25,25,0,0,25,0,0,0,25,0,25,50,25,0,0,0,25,25,0,125,50,50,0,25,75,50,100,0,50,0,25,0,25,25,50,0,0,0,25,25,25,0,0,25,25,25,50,25,25,0,50,0,0,0,0,25,50,0,25,75,25,0,25,25,0,0,0,0,0,0,25,100,25,0,75,25,0,0,0,25,125,25,50,50,0,25,0,0,0,0
21703,0.42,0,0,6,1,0,0,12,0,100,6,9,96,0,0,0,0,0,0,2,12,6,12,24,0,0,0,0,96,0,12,0,108,0,48,0,0,48,0,12,12,72,121,0,36,58,12,48,564,0,0,12,0,3,12,25,0,84,12,24,12,12,4,27,12,12,12,132,0,0,48,12,0,120,0,0,0,2,2,0,0,36,24,0,0,2,0,0,1,60,0,27,0,0,384,48,0,27,0,2,0,0,9,72,0,12,216,869,0,23,1,12,0,0,12,4,13,49,12,0,12,13,0,12,12,0,0,13,0,0,0,0,212,0,72,0,0,12,12,12,0,12,0,0,0,0,0,0,0,106,24,36,5,0,0,480,0,0,0,24,12,0,870,0,24,22,1,12,0,8,12,0,2,24,0,0,72,0,1,48,12,5,12,6,0,0,20,0,100,15,38,4,1,0,5,61,66,12,36,0,9,0,0,48,0,0,28,8,877,29,26,8,0,11,2,15,36,119,11,24,44,0,38,0,34,29,49,302,4,0,21,11,13,24,25,3,32,14,24,19,1
21731,1.65,26,148,17,16,12,3,25,12,30,26,30,18,42,27,5,36,12,16,41,12,16,44,20,0,14,12,1,39,26,4,1,0,16,72,23,16,13,0,24,12,16,144,20,24,5,1,0,18,12,14,27,12,2,0,38,6,0,2,63,60,61,0,0,2,196,160,31,157,2,84,2,88,144,12,2,0,148,5,0,12,12,3,24,53,0,4,12,1,26,2,12,150,57,4,13,5,1,0,0,156,3,24,0,0,2,49,59,27,4,14,6,5,1,0,0,36,11,72,0,3,2,56,1,91,63,6,1,12,0,38,2,624,4,0,4,145,15,472,324,0,0,0,39,436,48,12,36,10,14,49,12,0,13,41,0,42,12,1,36,50,12,24,180,0,31,0,61,76,2,372,9,14,43,74,43,68,46,53,85,16,5,4,18,37,27,25,12,53,24,61,47,1,10,56,29,42,288,12,2,6,36,8,36,24,36,71,6,16,24,65,40,7,98,16,1,268,35,108,167,80,265,174,42,14,45,89,40,81,16,69,69,47,51,105,18,40,38,145,49,39
21733,2.95,0,12,29,19,6,8,2,3,0,38,6,8,12,0,8,12,32,8,0,16,32,15,2,6,10,2,0,0,33,8,7,2,15,0,10,2,0,0,35,0,12,4,0,2,3,0,44,3,7,1,35,0,6,3,99,34,0,128,7,40,11,9,8,0,3,7,18,0,64,6,18,12,272,0,2,0,6,0,6,0,12,8,8,12,0,3,10,1,6,7,1,6,0,0,0,7,5,0,0,0,0,17,0,6,3,0,0,9,2,1,5,173,3,11,0,4,32,33,15,24,12,23,28,0,9,355,11,0,0,0,12,1,17,2,14,39,7,1,0,0,24,0,3,6,6,2,0,2,40,12,4,2,3,1,30,8,0,4,2,0,4,2,25,21,13,18,13,43,15,14,346,2,10,7,0,4,1,22,12,9,1,16,0,38,6,18,14,18,36,10,12,19,56,70,2,10,4,1,2,71,17,5,33,13,5,4,11,4,544,77,20,42,20,8,11,53,56,8,16,22,24,81,13,43,76,57,66,65,12,65,19,135,15,52,4,81,16,86,17,0
21787,0.85,0,1,5,0,0,0,0,0,1,0,0,0,0,0,0,24,0,0,24,0,0,0,0,48,24,0,0,1,0,0,0,2,1,10,0,0,0,0,24,0,0,0,0,0,27,4,48,10,0,0,0,0,1,0,24,4,2,0,0,0,9,0,1,0,13,0,0,24,55,0,0,25,0,24,0,34,26,0,0,72,24,0,0,0,0,0,24,7,148,1,0,0,98,34,0,29,5,4,8,1,192,1,5,0,24,0,1,2,0,0,2,31,51,1,0,0,3,38,6,0,0,0,6,49,24,24,0,10,0,3,0,0,0,0,2,0,55,192,0,0,24,53,0,52,0,0,24,149,0,24,144,6,8,1,2,6,24,144,0,0,19,0,24,16,31,97,73,24,0,1815,3,27,0,24,24,2,0,0,24,77,0,2,2,24,5,0,0,0,0,1,0,0,720,0,30,5,0,0,2,0,25,48,24,26,1,4,0,360,4,14,9,0,25,5,1,1,0,2,44,744,27,48,4,48,6,293,1,1,0,0,3,1,1200,0,11,9,24,0,3,2
21790,0.85,0,18,19,12,24,3,37,0,15,26,12,84,3,3,36,15,2,48,84,12,15,52,0,12,28,1,13,113,88,30,73,4,72,12,13,15,67,1,24,48,12,228,2,27,47,25,36,265,12,19,24,13,1,24,38,74,24,24,13,195,13,12,12,81,12,12,12,12,4,23,2,0,48,12,2,157,8,1,13,0,12,21,19,48,2,12,24,22,74,4,0,66,32,290,14,37,1,0,0,1,85,0,48,15,53,51,9,1,8,19,144,148,13,13,19,16,2,110,19,21,26,12,75,1,28,289,24,14,2,1,51,18,31,0,14,24,25,231,12,36,60,3,26,74,12,2,49,12,30,12,12,24,11,1,254,30,15,234,12,13,181,384,144,33,50,2,65,64,8,14,312,108,70,49,44,180,38,2,84,32,7,51,255,74,40,145,6,13,86,71,50,25,56,46,137,49,25,31,12,65,41,2,157,107,9,30,29,319,37,31,98,280,40,159,56,67,190,385,52,112,13,19,177,52,102,113,92,55,18,109,88,46,349,9,66,87,35,38,71,13
21791,1.25,0,13,18,12,12,2,1,0,3,0,0,0,0,0,98,26,2,27,48,2,14,12,1,0,3,24,25,48,5,6,24,98,13,0,0,12,24,1,36,12,38,0,1,27,25,1,12,1,12,1,12,6,0,0,12,0,1,9,12,12,12,24,13,72,144,12,24,12,2,0,3,0,0,0,0,12,3,0,12,12,12,9,0,48,12,12,12,5,15,13,0,84,0,1,24,18,12,0,0,12,0,39,24,2,12,37,2,2,0,2,1,0,1,0,8,0,12,13,8,13,1,12,26,15,15,0,0,3,361,25,12,290,5,2,17,0,36,114,12,0,24,3,38,26,36,0,24,0,25,0,12,24,7,1,228,2,1,28,24,36,36,12,12,0,13,13,27,0,0,2,19,43,53,43,30,24,2,3,24,22,4,26,1,84,49,61,3,16,12,25,36,36,2,114,29,12,10,36,10,27,24,2,25,0,3,33,18,37,3,39,31,239,10,42,98,67,38,319,44,48,27,20,128,39,58,69,53,18,8,28,24,4,116,11,14,49,36,100,66,1
21829,0.21,0,0,108,0,0,36,72,0,36,37,72,0,0,36,108,36,72,52,0,72,0,112,0,36,0,0,0,36,36,36,0,0,0,72,36,0,0,0,36,0,0,36,0,0,432,41,36,0,0,0,36,0,0,0,36,15,0,73,0,6,0,0,0,0,0,0,72,0,72,36,108,4,0,36,0,0,206,72,0,36,0,36,36,156,0,36,0,0,118,36,0,72,0,0,36,0,0,0,36,36,25,0,108,36,0,0,0,38,1,0,108,36,1,36,10,36,36,36,36,0,73,0,0,180,0,0,0,0,0,36,36,1,36,0,72,36,0,0,72,0,0,0,36,0,72,0,36,0,0,0,108,0,1,8,0,0,36,0,0,0,0,0,108,6,72,0,0,0,36,0,0,2,0,13,36,0,0,36,36,36,0,36,36,38,216,180,0,9,36,1,36,0,0,15,252,36,72,0,0,0,0,0,0,0,0,0,0,0,0,0,0,0,0,0,0,0,0,0,0,0,0,0,0,0,0,0,0,0,0,0,0,0,0,0,0,0,0,0,0,0
21889,1.25,0,0,5,12,0,0,12,0,216,0,0,24,0,3,0,25,0,26,0,0,24,40,12,1,0,0,12,24,12,24,5,4,2,0,0,0,0,15,0,0,12,36,13,6,41,12,26,25,12,0,0,0,0,24,1,12,0,1,13,24,300,12,3,12,1,0,0,0,4,28,2,0,1,0,0,0,3,0,12,0,12,2,0,0,0,18,0,17,6,0,0,0,1,12,0,3,12,0,1,0,6,0,12,0,12,12,2,1,8,8,12,1,0,43,7,0,36,0,5,12,1,0,37,1,0,24,36,0,0,12,36,0,7,0,4,0,12,117,0,0,24,2,50,0,1,2,20,14,21,0,0,3,2,1,228,19,18,16,0,158,24,25,0,0,17,36,38,12,0,120,0,7,24,25,9,64,16,2,12,8,0,41,61,0,52,98,0,45,24,124,41,15,36,168,13,54,1,12,9,30,32,15,32,23,17,18,18,20,14,25,43,230,34,86,42,31,65,209,131,56,57,43,48,29,51,67,32,16,30,20,26,49,118,30,9,42,14,72,20,3
21891,1.45,12,1,0,18,12,0,588,1,0,12,0,2,0,36,12,13,12,24,0,0,12,12,24,0,13,0,3,3,12,0,312,1,13,0,12,16,12,0,0,12,28,12,0,3,26,14,12,28,24,144,12,0,0,25,2,14,25,0,39,24,13,0,13,1,157,0,96,16,12,12,1,12,72,0,0,291,30,0,0,1,0,0,2,0,12,0,12,15,1,18,12,0,0,288,0,5,0,1,0,0,2,0,24,3,14,0,1,27,9,2,0,0,0,0,0,0,3,0,0,0,0,0,0,0,0,588,24,12,0,20,2,12,4,0,432,0,3,12,1,0,12,0,0,0,36,0,0,2,12,0,0,0,1,12,156,289,0,14,36,1,12,0,0,3,12,1,25,16,5,24,4,14,0,0,4,60,0,1,15,42,10,13,473,40,25,0,0,12,24,12,0,18,2,39,26,25,28,0,3,36,0,6,3,3,8,14,0,13,738,31,40,1,46,14,29,14,4,37,30,39,27,150,57,28,5,17,5,22,4,3,54,17,128,302,8,34,40,36,22,0
21914,1.25,0,0,0,24,0,240,0,0,0,0,28,39,0,3,0,24,0,72,0,36,0,37,36,0,42,0,12,60,0,50,12,1,0,6,0,13,84,12,0,0,0,0,0,0,2,3,24,48,24,0,0,0,0,60,3,15,12,24,12,276,7,36,14,48,24,12,36,0,0,12,25,12,12,12,0,0,0,0,12,12,0,12,24,0,0,12,60,1,26,60,31,36,1,0,0,0,0,12,12,0,0,25,0,3,12,24,3,3,0,3,0,0,0,0,13,0,48,109,0,0,48,12,84,12,12,0,24,28,49,5,24,12,4,2,0,0,0,32,0,0,12,0,12,240,0,0,39,0,27,0,12,0,1,12,0,14,12,103,0,52,29,2,15,13,1,16,79,48,3,110,12,12,48,21,25,28,3,26,52,96,12,28,64,53,34,84,1,43,0,97,48,0,12,23,21,13,80,0,12,18,24,21,50,121,3,6,1,27,38,7,41,19,47,65,17,66,30,255,4,73,61,139,56,87,65,116,120,67,28,57,34,144,46,54,23,99,75,109,46,26
21915,1.25,24,1,12,48,0,240,304,0,252,2,26,36,0,3,60,12,12,60,12,36,0,24,36,0,0,60,25,69,24,51,572,1,0,6,0,16,73,12,36,0,36,0,0,24,23,30,36,36,36,304,24,0,0,48,53,27,24,24,24,36,0,60,16,84,24,24,156,12,12,12,25,12,24,12,0,280,1,0,12,12,12,12,24,24,0,12,36,2,264,72,36,24,1,12,84,240,1,0,0,0,25,14,72,15,14,49,3,4,12,3,6,12,12,48,85,12,61,133,0,12,1,24,86,0,12,12,37,39,48,12,24,288,7,2,701,0,1,144,11,0,24,0,72,240,0,0,39,48,255,0,24,0,1,12,720,852,36,103,12,64,42,14,27,44,38,29,157,36,3,122,12,269,61,19,62,48,3,50,65,132,14,45,1566,64,58,98,0,34,24,109,61,12,12,293,107,77,65,276,12,33,24,21,99,147,27,42,291,27,2158,80,54,575,59,13,8,6,0,285,36,22,5,3,0,3,1,18,0,0,0,0,0,0,0,1120,0,0,0,2,0,0
21918,0.42,0,2,7,24,0,1,24,24,0,48,24,12,1,0,29,0,28,24,9,24,0,591,336,0,6,0,0,0,48,6,0,10,0,24,6,1,0,0,0,48,0,24,0,28,6,24,24,1,25,0,24,0,2,10,14,48,3,24,97,6,298,1,2,76,24,0,21,0,33,18,1,0,48,0,0,25,26,2,0,0,12,27,2,0,0,3,0,0,288,27,24,144,38,0,578,44,0,0,0,0,1,0,0,6,24,2,339,0,0,1,49,0,18,1,4,0,24,1,30,0,25,0,313,1,25,2,0,0,241,21,0,49,0,2,8,24,1,72,25,0,48,24,4,0,0,2,0,0,0,0,24,6,3,0,12,0,24,0,24,25,48,5,0,99,30,0,24,0,4,0,24,0,4,0,0,24,13,0,0,32,3,72,11,0,2,55,0,0,24,12,1,0,0,0,0,0,1,26,9,49,7,36,0,28,25,5,3,0,51,5,26,24,1,5,14,33,4,12,33,5,29,6,4,55,12,27,15,10,8,28,1,14,7,6,2,33,3,3,17,24
21928,2.08,20,0,20,13,0,0,20,0,120,56,10,0,2,1,10,20,124,534,25,22,10,13,24,16,231,0,112,112,135,6,7,14,14,30,1,11,33,2,2,10,26,22,18,0,25,11,23,212,21,132,21,31,13,19,12,53,41,30,64,22,133,10,0,0,109,120,46,30,50,107,8,32,3,33,0,11,0,2,0,120,100,53,10,9,0,2,40,3,20,4,10,0,42,130,100,10,101,0,0,5,3,21,20,3,14,30,13,7,30,0,11,3,0,2,1,13,53,0,35,37,26,10,27,103,30,13,60,12,27,2,11,112,8,11,10,120,22,94,0,18,35,20,140,23,70,0,60,20,227,22,10,6,11,8,136,23,7,10,16,63,31,4,4,10,27,100,33,21,11,31,18,23,122,7,20,0,108,222,1,17,1,2,12,11,144,5,12,9,10,11,17,32,0,139,0,7,23,3,1,56,30,10,1,4,24,19,2,12,11,102,61,8,38,142,3,106,16,2,3,25,50,12,7,0,3,27,32,14,5,16,15,53,30,100,2,14,22,124,6,4
21929,2.08,21,11,23,43,7,12,121,0,223,90,21,28,16,4,1,10,13,435,17,22,140,32,26,12,220,0,102,294,46,28,3,0,33,123,19,26,21,2,19,24,40,23,18,1,21,8,12,2,0,36,52,20,14,16,28,44,22,6,17,22,210,0,0,0,104,0,44,120,12,12,17,154,1,148,0,30,2,142,10,20,10,142,45,24,6,3,45,2,166,1,10,100,31,22,100,10,12,0,6,8,4,21,16,3,15,33,24,28,31,1,11,3,17,0,12,10,16,31,39,31,25,301,20,200,11,0,50,14,217,12,24,130,9,11,11,20,14,27,20,18,22,55,23,212,30,2,53,20,1,0,10,7,107,10,32,56,12,11,3,47,52,24,7,23,25,1,24,4,1,21,0,211,124,11,12,1,9,29,57,25,1,3,26,12,340,103,7,16,0,12,21,21,11,33,11,9,26,3,2,26,31,5,0,5,0,17,3,23,0,3,33,14,138,140,1,100,24,3,2,33,24,23,17,0,22,6,11,4,10,14,25,44,21,2,2,115,14,14,16,11
21930,2.08,20,0,12,1,10,12,0,0,10,32,10,4,2,1,0,8,0,32,10,10,21,6,0,7,110,3,120,172,2,16,6,4,9,1,0,16,0,4,2,0,10,13,23,0,2,0,2,0,33,2,23,0,30,10,34,34,0,18,16,10,10,3,1,16,8,0,31,2,11,110,26,4,22,2,0,12,110,6,10,54,22,2,30,16,5,25,0,0,19,14,3,0,19,23,50,43,0,0,25,210,0,22,24,0,25,18,12,2,121,0,11,5,16,2,0,0,12,12,4,17,3,0,25,18,100,0,20,3,32,20,11,22,4,0,7,0,102,42,2,0,20,3,8,10,20,0,27,32,16,11,4,4,9,101,33,49,0,113,2,48,23,4,112,0,132,22,85,22,2,12,125,128,30,5,30,0,36,46,112,10,0,4,15,10,28,3,2,11,0,3,23,3,2,26,24,16,10,0,0,41,10,6,3,15,17,14,110,12,1,5,28,34,23,22,17,104,6,1,4,41,22,23,10,3,17,2,41,17,11,8,31,36,66,36,2,5,133,16,37,3
21931,2.08,43,0,13,8,0,21,111,20,43,62,0,6,6,0,112,8,2,62,44,40,10,26,117,46,211,0,125,165,21,16,26,6,95,0,0,16,24,108,10,20,44,42,52,14,29,15,10,16,54,32,13,30,64,15,21,50,31,30,186,114,10,113,10,33,41,16,52,41,13,50,2,162,19,33,5,60,17,27,10,30,13,43,94,45,31,4,30,11,37,24,11,0,51,145,15,13,20,0,41,230,127,11,26,2,52,45,65,7,178,4,3,4,34,1,42,102,46,0,150,26,14,51,16,6,135,23,41,10,131,20,4,116,112,10,15,30,121,118,18,5,22,50,157,141,20,25,50,86,134,54,30,2,33,140,64,65,10,22,4,173,26,15,36,53,65,3,38,67,105,12,152,5,63,26,30,10,45,34,148,22,1,71,24,131,14,209,5,43,107,22,61,28,2,15,66,30,20,8,1,249,21,16,20,32,34,48,112,13,16,13,43,53,156,226,27,19,26,20,41,35,36,41,16,10,14,17,125,35,11,46,19,7,153,31,2,44,47,46,23,17
21975,0.55,72,25,24,0,25,24,48,3,24,48,27,312,26,2,5,25,0,0,28,24,29,30,51,169,3,3,7,192,62,35,8,9,24,53,0,25,0,11,8,24,0,50,0,0,4,26,745,4,30,7,2,0,28,26,48,27,29,9,74,0,278,49,4,31,0,2,24,0,2,12,5,24,24,60,12,4,50,6,0,82,2,30,29,32,29,46,3,0,157,52,168,121,30,28,0,54,0,4,28,240,5,53,0,0,0,721,27,73,0,0,28,0,1,99,97,3,34,72,47,24,27,0,49,29,1,50,0,29,72,24,79,49,27,0,80,2,0,3,50,2,24,0,96,744,3,5,48,60,2,0,144,6,2,1,42,32,5,44,0,0,26,24,291,25,607,129,38,0,0,170,50,193,31,27,7,2,48,3,52,52,4,25,6,3,24,100,0,13,2,26,73,0,1,2,49,25,48,0,3,5,25,0,1,26,6,7,4,26,52,32,30,2,51,24,2,41,17,7,27,9,1,51,81,145,50,32,2,0,9,7,58,1,4,2,28,12,0,54,6,0
21977,0.55,48,24,125,0,72,49,27,3,49,183,76,352,24,0,528,29,96,3,391,80,55,56,78,207,11,1,77,76,121,53,48,11,2,53,1,5,96,2,421,81,168,72,5,4,76,51,1046,148,150,9,96,0,50,48,50,322,85,2,191,52,136,97,20,29,78,0,3,28,35,2724,25,26,2,48,0,4,7,7,1,1,48,52,4,202,2,29,51,28,266,48,72,6,27,2,444,72,0,0,39,24,49,24,0,24,48,49,7,12,1,0,9,8,27,51,72,24,28,624,27,49,3,600,175,78,51,100,72,266,49,24,78,72,0,48,25,149,0,26,48,0,4,24,24,792,24,11,24,698,150,0,0,4,4,5,48,147,1,49,4,26,79,144,362,48,700,28,11,0,3,48,105,124,72,52,1,29,72,36,72,0,4,26,2,674,74,99,2,33,27,24,133,29,24,30,7,24,56,0,1,5,28,0,11,50,4,51,27,3,27,2,48,2,28,25,146,40,62,6,53,243,6,97,10,221,49,77,29,5,11,29,58,124,13,6,9,57,26,55,66,3
21980,0.29,24,0,6,0,0,0,0,0,0,36,4,24,0,0,0,0,24,24,0,0,48,29,0,0,25,12,24,62,2,36,84,1,0,96,0,24,48,0,72,0,24,24,26,0,12,24,24,36,36,0,108,0,0,12,24,122,72,24,24,12,36,24,0,2,24,480,51,48,0,12,0,0,24,12,0,24,24,0,0,72,0,0,0,0,0,0,0,24,4,0,24,0,26,8,24,0,0,0,0,0,6,0,0,0,0,84,0,0,1,0,0,36,26,24,2,1,0,121,0,48,36,12,37,0,48,0,0,84,0,4,0,1,0,4,12,0,24,26,0,0,0,36,28,24,0,0,3,0,2,0,0,0,0,24,0,0,84,96,84,24,72,36,50,36,28,1,24,0,0,0,24,2,0,24,13,49,0,12,12,0,0,48,0,432,12,48,0,0,24,0,24,0,12,0,36,60,0,0,12,74,24,0,24,12,0,27,25,0,0,25,35,0,3,0,0,55,12,12,0,43,5,2,12,24,24,5,26,0,12,1,2,3,24,0,0,1,26,12,25,2
21982,0.39,0,0,0,0,24,1,12,0,1,0,12,0,24,0,0,24,24,12,2,37,98,4,0,0,0,0,24,68,14,24,60,7,0,888,0,72,36,0,6,0,60,24,0,0,0,0,24,2,12,12,96,24,0,0,24,48,12,24,27,24,12,6,0,36,36,456,75,0,0,24,0,0,0,0,0,5,25,1,0,48,0,0,24,24,24,6,25,24,2,1,0,0,7,0,0,2,1,0,0,0,0,12,0,0,0,0,0,24,0,0,2,1,1,1,2,0,26,38,26,0,24,39,60,0,1,0,0,25,24,24,6,25,12,20,0,24,27,0,2,0,0,24,30,0,24,1,0,28,1,36,48,0,0,25,1,2,0,84,30,24,24,24,0,25,6,13,0,36,12,0,0,7,48,30,1,30,2,1,0,2,0,1,0,0,0,5,2,3,12,0,48,49,0,16,14,8,0,0,3,34,84,0,9,0,4,38,72,1,458,36,8,0,10,0,28,20,13,8,17,15,42,70,14,3,3,32,16,41,2,9,6,1,6,5,0,33,30,0,42,2
21985,0.29,24,0,96,0,0,3,12,18,0,25,12,0,24,12,0,0,0,37,27,24,49,24,0,48,0,12,25,34,14,36,24,7,0,0,12,0,26,0,0,12,24,0,0,0,11,25,24,24,48,24,180,24,2,24,0,55,60,15,25,12,6,0,0,25,24,36,39,0,24,2,0,0,0,12,1,1,24,0,12,44,0,0,12,72,0,0,0,24,0,24,24,0,2,0,36,48,0,0,0,430,0,15,0,0,1,0,0,25,5,0,14,0,12,48,2,74,7,27,48,24,36,0,12,0,48,0,3,24,12,31,251,39,4,4,31,24,0,32,0,0,4,72,24,72,0,12,0,30,1,60,48,12,14,25,0,24,24,0,12,48,24,12,2,36,24,0,28,528,0,0,0,4,0,85,13,38,1,37,12,0,23,26,72,0,36,48,12,5,25,48,0,24,12,25,36,0,0,12,0,7,12,12,0,12,12,8,48,1,12,60,6,0,0,1,27,0,1,21,26,18,59,27,1,60,7,8,24,13,0,12,44,24,25,0,0,3,23,12,30,0
22029,0.42,48,24,13,24,12,72,13,0,13,1,12,12,12,24,0,0,0,27,0,0,24,61,12,0,27,0,12,276,24,72,0,0,25,12,24,1,1,0,12,36,228,24,24,36,12,15,12,0,36,36,0,12,12,48,28,54,12,78,0,12,156,0,0,24,120,12,12,72,12,12,12,2,0,24,0,12,1,0,0,12,12,24,12,12,12,24,13,24,12,12,24,84,39,37,12,12,24,0,0,72,5,50,12,0,29,13,13,25,12,48,14,12,16,24,0,48,14,36,25,12,5,48,26,25,12,13,13,24,0,12,0,84,24,12,25,0,0,96,2,0,0,12,0,24,36,0,24,24,1,24,72,36,6,12,0,15,24,0,12,42,12,48,60,17,60,13,48,12,0,144,0,4,84,38,24,84,26,14,24,12,12,12,12,336,24,24,0,24,12,36,12,12,0,37,0,13,156,0,24,2,37,0,24,12,12,4,12,99,24,38,24,12,52,25,1,28,48,0,62,25,13,13,12,27,51,25,8,12,24,38,3,0,24,1,24,1,50,228,32,4
22045,0.42,75,0,0,50,0,225,0,0,0,25,50,25,0,25,0,0,0,50,75,0,50,25,25,0,0,0,25,0,100,75,25,0,25,50,25,2,0,0,0,25,50,0,0,25,0,0,0,0,50,25,0,25,25,25,25,25,0,25,0,25,0,25,0,0,25,0,25,25,25,0,25,0,0,75,50,0,25,0,0,0,0,0,0,25,100,25,50,25,25,25,25,25,75,0,25,75,0,25,0,0,0,25,25,0,0,0,100,0,0,25,50,25,225,50,25,0,25,25,0,25,25,25,0,0,0,0,0,0,0,0,25,75,0,0,0,0,0,50,0,0,0,0,0,25,25,0,25,0,25,0,25,0,0,0,50,0,0,0,0,0,0,0,0,0,75,25,0,0,0,50,0,50,50,0,50,75,25,25,75,0,0,0,50,450,100,50,0,50,0,25,0,0,0,0,25,25,75,0,25,0,75,0,0,75,0,0,0,25,25,50,50,25,0,25,75,0,0,25,25,200,75,50,125,25,50,0,0,0,25,0,0,0,25,25,0,50,25,0,25,0
22065,0.39,0,0,0,0,0,0,0,0,0,0,0,0,0,0,0,0,0,0,0,0,1,0,0,0,0,0,0,1,0,0,0,0,0,0,0,0,0,0,0,0,0,0,0,0,0,0,0,0,0,0,0,0,0,0,0,0,0,0,0,0,0,0,0,0,0,0,0,0,0,0,0,0,0,0,0,0,0,0,0,0,0,0,0,1,0,0,0,0,0,0,0,0,0,0,0,0,0,0,0,0,1,0,0,0,0,8,0,6,0,0,0,1,0,0,1,0,0,0,1,0,0,0,0,0,0,0,0,2,0,0,2,0,0,0,0,0,0,0,0,0,2,0,12,0,0,0,12,0,0,0,0,0,4,4,0,0,0,2,0,1,0,0,0,24,0,60,6,0,2,0,0,0,132,72,8,192,206,575,1,11,6,1,3,12,68,0,6,393,58,105,0,50,0,50,297,0,8,0,12,15,1514,158,8,12,6,75,96,90,24,53,18,54,26,101,200,81,48,204,23,9,63,75,129,160,21,48,129,55,32,64,10,3,52,35,32,109,6,292,9,2
22077,1.95,25,4,21,46,24,66,13,3,54,3,1,36,15,3,26,30,24,16,1,24,17,53,12,50,15,19,1,68,14,41,24,4,56,17,9,1,2,4,0,13,24,24,13,14,18,42,159,27,24,25,12,10,35,13,28,13,17,42,63,17,24,2,0,12,26,3,42,13,53,0,26,10,17,24,0,18,14,3,0,31,25,33,51,12,13,4,51,24,2,24,1,38,3,4,0,56,0,1,0,14,32,3,13,0,21,32,6,60,2,0,6,2,16,3,27,23,3,36,26,61,3,24,53,12,27,25,19,24,36,14,62,33,15,8,39,48,17,187,13,2,5,0,15,104,0,0,59,13,45,16,29,26,47,18,72,16,24,24,20,14,27,12,69,36,28,27,39,54,7,36,13,117,129,31,24,202,0,27,42,21,3,4,52,86,20,120,24,57,54,6,39,24,40,32,25,64,183,12,7,29,14,54,72,92,43,56,88,37,314,21,10,51,27,34,52,9,43,121,42,33,16,4,27,41,6,65,64,11,6,22,4,30,113,1,12,97,24,6,20,14
22086,2.95,0,0,1,4,40,0,0,0,0,1,0,0,0,0,0,0,0,0,0,0,0,0,2,40,0,0,0,0,0,0,0,3,0,0,0,9,0,0,0,0,0,0,0,0,1,0,0,0,0,0,0,0,0,0,0,4,0,0,13,0,0,0,0,0,0,0,0,0,0,0,0,0,0,0,0,0,0,0,0,0,0,1,1,0,0,0,0,1,0,0,0,0,0,0,0,6,0,0,4,320,11,0,0,30,0,18,0,0,0,0,0,2,0,13,1,0,19,0,3,8,0,2,0,22,7,190,6,62,0,46,44,145,46,0,0,0,0,13,0,9,0,0,20,0,6,10,6,1,8,1,12,0,83,40,40,5,24,210,24,15,10,25,211,118,170,50,156,99,8,70,63,29,175,122,143,38,105,22,96,78,20,70,743,45,60,33,26,378,100,164,55,52,70,323,71,137,116,96,13,391,130,48,71,30,94,93,82,254,1079,144,93,539,140,265,138,201,153,914,178,257,280,279,253,272,456,454,114,296,100,328,356,283,304,240,53,493,198,306,381,114
22090,2.95,7,1,10,6,0,98,12,40,14,6,12,13,30,1,24,0,56,0,86,4,6,21,10,26,16,2,9,73,65,32,25,0,97,47,6,18,44,2,13,0,54,42,32,47,114,55,18,74,29,1,84,0,174,15,108,128,9,36,61,12,32,103,8,66,67,91,107,37,40,229,103,29,5,10,10,43,51,41,18,42,8,147,56,30,81,7,3,8,49,44,12,23,72,13,142,27,53,6,40,9,1,33,20,0,17,11,136,48,0,8,86,20,12,26,70,53,33,46,10,6,13,0,106,16,1,17,53,1,6,6,100,20,9,9,18,13,0,78,45,0,22,12,25,12,6,44,50,14,130,7,6,2,22,11,47,5,0,12,12,13,11,0,0,2,40,13,46,1,0,40,3,5,21,16,6,0,8,36,19,25,2,0,10,41,20,14,0,12,30,23,2,0,0,6,2,11,9,0,4,10,0,11,12,6,0,8,0,18,12,40,1,1,40,6,40,9,0,2,12,7,50,0,12,36,18,5,6,4,0,6,2,1,36,7,8,8,13,26,13,0
22112,4.95,4,3,1,0,3,0,0,8,7,6,0,1,4,0,2,3,0,0,7,0,0,1,0,0,0,4,3,3,0,1,0,0,1,0,2,0,0,3,1,6,3,2,1,0,1,0,5,1,0,0,24,0,2,0,27,0,0,7,1,0,6,0,0,25,8,0,6,1,0,0,1,0,0,4,1,2,0,1,3,0,0,3,6,0,1,0,0,52,1,30,2,0,0,0,2,0,0,0,0,3,0,6,3,2,0,6,3,6,4,0,1,2,0,0,0,5,15,74,9,2,1,2,1,0,3,56,1,0,0,4,12,0,36,0,4,6,5,1,35,0,3,0,0,11,0,0,27,0,16,75,6,7,5,0,27,28,0,78,19,3,16,19,33,54,22,9,51,29,3,15,43,13,40,42,44,4,23,4,12,124,10,9,22,15,32,11,1,9,32,22,33,28,2,12,63,41,119,88,7,4,42,36,26,92,35,48,43,37,28,19,35,108,83,41,127,68,33,95,77,97,121,131,28,10,53,23,64,44,29,70,58,81,69,146,26,78,98,60,57,41
22147,1.45,12,0,51,27,0,49,0,0,4,17,12,12,17,1,8,13,0,12,12,1,24,8,42,12,0,12,3,50,0,12,0,3,1,12,0,20,26,2,12,12,14,24,0,36,12,8,12,0,24,0,40,3,2,12,31,17,1,0,1,17,18,12,0,0,0,12,36,48,41,4,12,12,0,15,5,6,0,24,17,1,16,21,42,10,12,0,12,0,122,12,0,12,0,1,0,30,12,0,0,40,12,0,30,10,24,1,3,0,0,0,13,2,2,0,1,1,0,1,21,0,24,12,4,0,1,48,0,40,0,0,37,4,12,26,4,0,24,78,0,2,3,12,400,90,0,0,12,0,36,0,24,0,26,12,40,12,3,30,0,24,24,1,49,27,26,36,3,16,6,0,19,41,71,38,5,0,60,11,15,36,13,26,19,17,63,971,12,41,876,49,66,38,2,8,2,12,22,12,9,3,3,4,1,2,3,4,0,0,0,0,0,0,0,0,1,0,1,0,70,0,0,0,0,0,0,0,0,0,0,0,0,0,33,0,0,0,0,0,0,0
22149,2.1,6,0,3,19,6,13,0,11,6,14,12,30,11,0,40,27,6,12,12,13,18,20,1,12,3,40,11,58,6,8,1,0,18,0,0,12,18,1,42,15,8,253,6,18,25,12,12,0,0,0,18,3,14,6,3,12,15,18,24,1,18,13,2,15,20,52,18,26,33,4,13,12,40,1,1,34,6,7,9,14,8,3,18,22,6,3,6,2,6,12,12,6,6,7,12,6,0,0,3,93,7,23,7,10,12,80,1,6,1,0,4,10,6,18,0,26,7,12,7,7,6,6,12,15,6,18,42,46,18,0,23,12,6,22,6,13,67,34,6,4,0,0,414,0,24,0,12,12,49,0,30,0,3,0,0,0,6,12,0,2,0,3,22,12,33,40,7,14,0,47,7,87,31,87,49,4,55,8,16,28,2,55,32,30,317,647,0,10,649,6,0,0,0,5,0,1,0,0,0,0,0,0,0,0,0,0,0,0,0,0,0,0,0,2,38,0,0,0,0,0,0,0,0,0,0,0,0,0,0,0,0,0,0,0,0,0,0,0,0,0
22151,0.42,144,0,29,8,0,0,0,2,38,48,72,72,0,0,24,24,0,42,10,54,0,24,0,48,0,40,34,0,0,864,0,0,0,24,44,397,0,3,0,48,294,24,27,96,27,24,0,54,336,10,48,0,0,72,443,48,12,24,101,0,461,24,0,0,2,48,240,0,30,0,8,24,0,600,48,53,48,0,0,72,0,24,0,0,0,561,0,0,0,6,24,432,0,78,24,24,48,0,0,10,3,24,0,24,6,0,24,24,0,0,0,4,0,566,0,96,21,26,0,24,24,432,14,0,13,240,0,432,0,0,0,912,24,0,24,0,36,0,0,0,24,0,0,51,0,432,0,48,0,24,0,24,0,74,24,1,7,168,432,0,1,24,24,54,25,72,24,0,34,24,0,2,60,6,48,0,0,6,0,24,80,12,0,24,13,0,5,0,48,15,0,14,0,24,0,81,24,24,41,0,24,72,0,29,48,30,48,0,0,53,24,0,10,24,6,0,20,36,0,24,11,48,5,5,55,48,34,120,0,66,26,24,0,96,27,38,0,6,144,24
22178,1.25,246,24,62,224,24,40,19,37,125,63,36,25,39,2,6,12,156,303,50,127,195,154,39,54,24,60,71,242,401,179,54,5,82,30,153,57,147,24,150,48,6,326,36,60,227,94,204,120,2,69,24,0,283,18,101,154,44,156,54,57,194,33,102,27,360,36,58,174,108,73,108,202,18,207,0,41,47,37,254,360,34,150,134,75,68,82,42,116,34,18,0,66,24,44,24,6,12,12,14,192,105,23,12,3,139,40,2,322,63,24,12,14,29,63,0,36,16,60,168,120,8,160,22,16,49,29,96,24,96,83,366,177,102,0,16,0,18,159,115,0,12,24,168,48,36,30,144,50,34,144,36,48,34,202,96,161,0,11,108,85,6,6,14,99,54,18,41,24,12,98,46,88,66,13,114,5,6,30,24,25,0,986,30,222,132,97,16,38,72,1,6,186,0,29,20,102,42,18,0,28,42,966,18,78,114,77,27,118,12,102,23,8,50,4,186,34,6,49,39,97,214,2,48,210,32,11,78,12,30,247,86,88,158,26,150,377,74,78,109,18
22189,3.95,20,3,3,9,9,0,8,7,1,7,48,10,0,1,0,13,4,29,16,4,1,11,11,3,438,18,4,1,8,0,0,12,4,4,0,3,8,0,11,72,8,30,18,0,9,12,108,5,7,2,7,0,0,12,8,0,20,0,4,1,4,4,0,12,220,4,0,0,13,4,1,14,0,0,4,4,10,6,1,8,9,5,7,40,0,4,0,448,4,7,1,0,5,3,0,9,0,0,3,0,1,14,4,4,8,4,1,1,4,0,2,1,0,0,0,3,36,4,116,0,3,17,20,0,0,328,4,8,4,4,4,8,54,0,12,0,0,10,0,40,0,4,4,11,4,8,8,0,6,19,4,10,5,1,0,336,40,12,1,0,8,0,7,11,9,8,12,6,1,3,1,1,12,5,25,0,0,3,12,12,7,264,17,6,9,6,2,0,8,2,6,4,4,6,8,3,8,127,0,1,5,13,15,12,11,45,13,3,12,224,49,42,8,4,6,12,1,14,1,0,8,11,8,4,5,4,6,5,9,2,6,2,27,6,12,6,1,12,341,0
22197,0.85,101,0,29,17,112,134,78,0,67,13,143,14,542,0,240,65,100,64,87,27,49,37,19,34,77,21,38,663,28,134,136,43,112,124,56,232,16,24,48,54,25,640,14,3,46,6,48,132,50,60,0,200,39,221,19,30,63,64,56,84,51,115,11,61,556,93,140,420,30,44,63,73,38,4314,30,34,6,44,368,81,17,19,51,161,105,57,33,127,128,13,82,54,59,49,1,110,126,0,60,56,24,264,26,0,57,227,16,48,259,29,14,20,35,70,4,14,48,97,74,168,100,134,31,25,72,18,86,204,21,45,15,2036,61,0,257,3,600,691,160,24,100,33,194,38,98,55,36,49,76,34,613,18,40,124,101,667,24,105,27,79,67,136,102,209,50,102,35,134,40,222,181,143,25,99,12,27,85,143,296,1085,39,76,147,50,389,47,126,159,124,210,133,252,6,534,294,247,15,62,12,232,251,43,47,2065,137,210,286,172,20,174,294,2012,172,1079,339,184,114,1767,224,352,135,449,218,349,1162,497,558,342,47,248,796,470,279,1369,113,410,337,368,3111,230
22326,2.95,32,0,38,1,0,3,0,49,13,19,3,3,3,0,6,27,18,14,22,3,4,22,19,7,98,1,12,153,0,7,1,0,4,102,7,7,48,6,20,6,3,24,8,18,3,13,23,24,11,10,48,0,13,22,27,7,0,24,0,49,246,18,0,6,26,0,13,6,12,36,9,5,15,24,14,13,295,10,1,55,32,8,53,1,6,4,6,3,109,18,18,192,21,27,6,18,7,0,2,54,3,8,2,0,42,2,6,13,17,0,8,31,2,31,0,9,1,30,14,48,14,12,65,0,11,10,14,16,0,42,7,1,15,0,1,247,10,252,8,0,21,2,8,162,18,6,24,66,44,34,54,2,15,6,16,75,27,1,22,36,6,37,9,0,4,0,2,9,0,144,1,47,62,8,6,0,19,12,40,14,3,8,21,34,13,17,0,40,39,80,72,6,1,13,37,29,207,102,4,26,6,8,7,108,12,15,18,99,12,14,0,6,25,39,30,25,2,13,105,45,95,50,11,7,43,144,40,25,2,8,30,68,17,22,0,30,29,116,38,21
22328,2.95,31,0,2,18,15,7,1,53,12,6,2,1,5,0,91,1,0,7,15,12,18,12,52,13,72,1,11,158,6,40,0,0,0,48,3,6,42,6,13,30,0,0,4,7,8,24,2,1,8,19,49,1,15,25,13,4,1,21,16,26,259,7,6,14,13,0,12,2,6,36,23,10,18,24,17,7,9,7,0,60,14,0,63,1,9,1,6,11,0,24,14,96,18,26,12,9,7,0,0,202,2,14,2,0,27,7,0,6,31,0,9,31,1,16,6,9,14,17,1,0,24,0,7,5,6,10,19,12,0,15,1,51,6,0,1,96,20,12,14,2,0,8,8,24,6,6,36,1,14,13,48,3,14,0,14,68,3,1,14,20,0,7,0,12,8,0,4,8,0,73,3,15,14,19,1,1,109,6,29,10,2,8,2,12,12,2,1,26,32,20,16,12,6,15,9,8,96,0,4,12,6,8,2,54,12,15,7,56,0,18,0,2,20,24,19,2,7,1,11,7,20,3,29,6,23,199,15,3,0,12,58,10,7,9,0,9,36,9,18,16
22355,0.85,47,100,17,2,10,32,2,5,232,20,22,19,95,30,102,6,10,103,113,0,10,150,141,1,42,0,16,303,11,104,100,0,10,2,129,19,21,3,102,40,20,14,51,0,138,17,92,32,82,86,11,0,109,10,10,31,13,14,251,21,250,42,0,40,90,23,10,60,24,14,27,20,120,168,5,50,10,3,20,69,5,43,129,22,43,1,23,155,30,114,71,12,0,75,20,25,11,30,12,224,25,25,30,0,48,88,21,29,57,4,12,91,22,44,15,10,27,147,10,0,66,30,6,90,133,8,50,0,20,133,31,7,18,20,54,111,131,110,120,24,20,89,22,40,12,0,53,17,257,15,83,7,70,10,3,173,5,30,71,8,36,82,2,32,96,113,31,119,30,26,59,8,36,68,10,1,84,47,30,1,7,1,128,100,21,114,0,12,91,29,18,121,10,4,129,25,30,84,44,247,112,32,21,72,51,75,14,2,34,141,8,0,127,20,122,172,29,27,120,12,2,259,21,13,305,2,16,261,74,45,146,117,34,193,177,22,239,130,223,113
22356,0.85,8,10,36,13,10,31,11,8,69,7,2,106,32,13,124,41,10,26,16,0,10,126,32,106,10,0,2,165,10,51,0,0,21,7,31,28,10,13,32,10,0,14,31,0,27,24,27,111,16,52,3,0,38,2,13,0,26,10,50,1,205,38,0,4,27,0,5,30,23,0,7,5,106,46,0,0,4,0,1,12,0,134,11,30,20,64,20,17,42,90,10,100,32,21,30,25,123,0,6,131,13,15,10,10,26,49,13,21,47,4,1,18,12,14,1,12,23,68,24,10,21,20,119,31,37,7,21,1,0,36,2,113,6,10,36,40,79,203,111,3,0,28,0,50,40,0,20,26,153,25,38,0,27,0,0,43,13,52,20,15,15,54,1,21,33,103,29,29,4,25,63,37,18,41,20,5,41,59,2,1,28,24,57,1,23,27,0,9,50,6,14,48,10,24,41,10,3,32,4,207,32,23,0,27,14,56,70,43,2,37,22,0,81,1,211,51,20,33,52,33,25,53,31,3,140,222,24,51,50,52,46,32,2,40,38,24,51,20,54,37
22379,2.1,11,0,8,10,0,0,5,0,15,50,1,0,0,0,67,14,0,25,18,17,5,4,5,10,0,5,8,27,0,60,10,0,150,7,25,2,15,8,5,5,0,10,18,10,15,18,40,14,11,53,15,0,16,2,1,3,4,46,11,7,2,12,3,56,0,22,10,10,20,115,29,3,11,11,0,12,1,105,5,15,1,7,18,7,2,0,63,3,12,12,0,0,215,11,10,6,0,2,9,8,3,6,8,0,4,31,31,204,22,0,0,60,2,11,3,16,8,60,14,11,0,16,13,5,35,0,26,2,1,0,1,15,13,0,12,2,103,32,8,0,10,0,25,56,10,10,10,22,14,16,14,1,9,14,7,9,3,18,10,19,37,5,0,55,51,1,10,13,0,15,24,15,5,202,0,22,20,11,41,55,3,6,8,0,727,5,0,7,10,9,56,10,5,7,92,4,5,11,0,20,6,3,0,0,10,14,32,3,14,11,15,7,12,28,2,15,6,32,15,9,12,6,16,16,21,24,8,45,12,9,31,5,28,69,5,32,0,1,11,5
22382,1.65,50,7,21,0,10,115,21,2,2,48,24,35,1,24,17,12,1,43,13,8,45,9,2,23,41,0,28,257,34,3,39,0,51,13,40,36,20,14,4,40,16,22,19,2,31,4,66,18,54,31,25,0,15,10,55,16,31,69,70,20,35,47,12,20,20,0,1,95,36,25,10,37,40,16,14,17,2,10,23,37,0,42,65,26,26,10,10,17,15,55,121,122,46,46,10,40,21,3,38,117,8,15,30,4,17,117,8,15,185,5,37,39,7,18,20,6,50,65,58,40,36,31,35,26,22,68,18,23,11,184,62,205,4,3,19,71,54,145,12,0,51,81,30,110,20,12,44,78,31,86,31,13,8,13,31,51,36,20,25,51,32,22,11,30,41,41,74,64,2,130,28,16,58,15,31,10,32,37,31,35,11,44,67,53,80,40,6,8,46,11,1,33,3,7,42,50,23,34,6,0,33,6,31,107,32,26,5,106,0,51,54,33,80,230,31,5,16,32,147,119,32,41,46,35,66,248,52,26,10,45,14,23,18,2,24,18,22,15,45,0
22383,1.65,44,0,22,33,1,24,30,20,14,52,1,13,0,0,3,42,15,36,12,8,54,30,27,50,60,0,215,115,50,30,31,2,71,10,45,18,82,4,16,80,50,21,52,5,26,38,65,27,59,23,31,10,42,110,30,60,59,89,49,39,240,55,19,23,82,13,51,71,5,32,34,49,42,176,20,47,106,40,31,69,24,41,36,162,39,0,0,8,4,29,30,113,38,43,17,44,42,3,56,111,4,65,45,31,112,50,18,63,293,5,24,33,21,6,51,43,24,99,48,130,48,71,12,144,52,21,50,21,0,192,35,70,13,0,40,72,157,197,70,7,41,112,147,11,40,37,68,96,27,70,47,22,21,143,65,17,24,71,20,51,14,41,13,32,59,60,52,52,15,152,18,19,56,19,10,0,39,40,41,23,10,13,34,42,53,24,9,20,47,23,43,49,0,22,29,0,10,33,5,4,29,30,41,43,63,31,6,21,0,41,129,13,56,52,50,30,18,39,9,35,27,41,12,16,29,153,23,33,37,56,19,12,5,36,8,23,37,17,33,2
22384,1.65,21,30,55,10,1,2,112,12,15,51,24,42,2,4,22,2,2,37,10,57,40,15,22,28,53,2,186,142,45,64,19,3,19,2,26,12,50,22,33,10,31,39,23,0,27,18,85,51,1,11,25,0,21,100,7,22,29,75,175,44,219,46,12,37,68,4,16,60,24,42,3,49,33,12,2,28,16,29,51,48,26,56,67,19,56,31,10,113,29,18,33,110,129,31,35,47,52,2,12,222,10,49,10,31,138,43,11,104,22,2,45,36,30,45,0,65,18,252,39,150,22,31,38,129,172,31,42,25,21,44,1,174,0,15,25,120,11,300,33,0,30,82,97,30,30,23,82,91,10,40,32,28,12,30,27,36,15,16,62,76,10,21,24,14,47,41,43,3,2,50,64,33,34,21,50,2,21,20,52,16,10,25,10,20,73,0,2,21,12,11,11,20,2,2,44,12,16,7,13,2,39,24,12,22,28,10,0,111,1,36,121,30,41,21,17,11,16,32,110,12,19,40,46,39,7,25,24,33,12,30,22,60,14,22,1,30,15,40,8,1
22385,2.08,21,8,21,1,4,20,10,0,322,20,20,4,10,6,1,6,0,546,13,20,23,19,2,1,201,0,2,174,14,5,19,0,57,130,100,11,11,0,0,0,0,40,8,1,0,9,20,3,5,13,11,2,21,6,28,12,0,22,27,0,0,0,0,0,5,110,26,24,1,320,16,50,2,1,0,4,100,21,0,12,0,31,37,17,2,31,6,11,24,21,4,0,208,22,10,5,11,0,21,20,5,0,10,0,4,15,54,115,125,0,0,0,14,0,0,0,5,0,16,27,0,10,35,1,10,12,11,10,12,10,12,105,18,0,14,21,0,153,0,1,12,46,15,20,10,11,31,33,214,25,7,0,304,23,37,22,0,10,22,44,22,13,10,31,326,0,48,55,100,100,20,10,49,8,0,0,13,40,1,21,0,43,8,11,40,1,10,12,2,43,23,20,2,112,46,5,11,12,0,14,0,25,10,0,2,18,12,117,8,0,24,22,26,230,15,5,4,22,30,33,45,13,4,0,32,32,37,0,12,23,3,26,48,222,12,2,15,20,33,0
22386,2.08,3,0,62,83,4,14,11,0,160,83,22,106,3,0,20,45,110,832,36,40,140,36,125,14,271,0,113,305,12,224,17,4,30,30,1,24,30,10,5,0,10,58,46,0,28,25,70,32,25,122,25,110,24,3,9,73,45,73,141,136,20,21,10,22,24,10,51,50,22,29,25,57,304,135,10,25,23,326,10,26,122,43,93,50,119,51,67,20,36,117,0,3,367,125,33,26,50,10,120,116,40,130,46,4,9,51,13,212,169,0,10,115,51,11,13,115,41,140,25,44,25,32,75,12,137,126,31,22,34,22,21,135,160,10,18,76,160,246,12,39,22,25,135,171,30,203,86,60,429,8,20,16,15,128,34,48,23,143,111,185,74,27,117,2,337,30,50,50,9,136,235,29,157,222,30,40,109,233,252,28,3,2,64,212,942,409,20,123,232,21,36,25,0,263,47,20,4,0,0,239,41,49,0,411,3,40,43,111,20,17,82,35,71,254,18,114,24,321,22,76,32,31,40,25,2,29,33,142,22,11,33,35,11,341,5,28,23,33,7,11
22411,2.08,30,11,30,26,25,21,32,0,32,80,10,7,0,6,20,42,102,30,37,13,51,31,21,41,201,0,122,123,21,17,18,0,17,1,7,6,16,6,4,4,20,54,73,0,21,36,66,112,57,20,32,53,22,32,41,27,47,33,231,18,111,132,0,132,58,110,49,53,2,21,16,239,11,46,5,12,4,26,12,31,12,40,78,23,10,25,31,15,64,20,12,2,41,152,4,13,1,20,25,112,100,21,21,10,43,54,22,29,49,1,11,14,50,18,0,0,28,40,78,48,20,101,33,6,41,12,21,5,38,11,55,256,40,10,16,10,12,187,10,4,46,50,155,80,20,12,62,30,150,40,30,0,19,28,73,22,13,25,28,167,16,33,15,41,155,22,35,70,12,120,168,129,50,55,30,120,57,247,10,51,4,0,16,5,170,5,17,38,12,112,64,22,2,43,3,26,17,0,2,42,40,11,31,1,31,32,2,10,12,4,31,56,65,340,25,114,27,21,42,166,3,22,36,21,13,28,158,121,15,37,59,58,162,23,1,42,121,65,60,23
22417,0.55,1,1,5,0,0,24,25,0,149,49,24,24,27,2,241,1,0,29,1,48,32,17,30,1,3,2,24,320,24,1,7,7,4,1,4,3,24,11,6,81,24,73,5,5,0,0,1,27,26,3,24,0,48,51,48,192,58,12,54,2,14,25,6,4,26,3,0,0,0,8,48,24,0,51,14,1,0,6,0,96,24,0,50,51,146,2,26,0,133,48,51,120,32,1,0,52,0,2,2,120,16,3,0,0,25,5,5,12,25,2,2,0,0,51,27,2,26,27,4,48,27,24,27,5,30,3,96,24,48,3,0,0,0,0,51,0,4,264,25,0,28,3,24,24,25,25,24,26,10,24,24,2,1,2,53,25,0,26,0,0,53,1,25,0,26,1,27,0,0,74,6,73,33,52,6,1,26,4,48,0,4,24,30,0,25,74,1,28,5,24,72,6,0,240,1,1,24,24,0,25,25,0,3,76,4,48,4,0,73,25,77,3,27,25,1,30,18,3,25,12,14,24,10,3,3,240,2,1,4,0,26,25,1,24,31,56,0,30,7,0
22418,0.85,0,0,12,0,0,0,17,0,12,24,24,72,24,12,0,24,24,12,0,0,13,42,12,24,25,0,24,0,24,0,0,0,24,48,12,40,24,0,48,48,0,0,1,0,27,24,0,0,0,1,0,0,0,12,24,48,36,24,24,0,288,0,0,36,0,24,0,72,36,12,0,0,0,0,0,0,36,2,0,0,0,0,1,0,48,0,0,0,144,24,0,0,26,0,48,36,24,12,0,264,1,25,35,0,25,1,48,0,24,0,24,0,3,34,0,0,0,0,1,0,0,0,0,0,48,204,0,24,0,1,48,0,48,0,0,0,0,288,48,0,12,12,36,0,0,24,24,24,0,48,0,0,1,0,24,0,28,48,24,1,0,48,1,0,36,0,0,0,0,192,0,5,24,1,48,25,24,48,0,1,12,39,24,24,72,38,12,1,73,1,25,25,0,3,14,24,216,0,0,28,120,0,25,24,24,15,0,3,24,73,0,50,0,24,62,89,36,15,26,144,48,39,0,1,49,12,13,36,0,0,49,12,12,24,0,18,0,48,5,3
22423,12.75,26,4,16,10,221,72,11,19,36,40,51,14,49,0,38,22,59,64,76,49,43,59,83,28,57,59,30,60,78,125,25,16,60,22,59,99,13,29,57,45,130,95,32,7,28,31,89,38,41,234,45,5,34,11,67,40,19,19,34,58,177,76,2,51,60,16,112,56,12,13,18,32,38,65,3,44,16,56,134,13,16,11,57,50,69,5,11,21,46,19,71,6,4,54,12,32,21,20,4,19,4,13,23,22,20,33,24,31,23,0,14,43,4,211,9,11,20,59,27,96,86,53,19,16,6,263,20,18,19,12,28,80,20,21,59,22,37,42,18,0,35,13,36,109,7,10,119,24,38,33,28,0,12,21,66,42,6,18,24,12,24,8,64,56,58,21,65,13,6,23,19,19,48,16,22,15,47,14,60,8,5,26,47,228,75,13,20,22,26,38,57,49,22,50,28,46,109,29,6,5,13,18,28,52,19,52,21,5,65,111,25,35,11,16,46,32,29,8,45,15,49,110,8,50,29,47,82,23,30,34,93,35,34,20,20,36,160,130,32,18
22440,0.42,0,0,0,0,0,20,1202,0,0,0,0,0,0,0,60,0,0,0,0,0,0,0,20,0,0,0,26,111,0,12,1200,0,0,40,10,6,0,0,10,20,0,2,0,0,6,20,0,49,40,1201,40,0,0,22,71,6,42,6,20,57,20,10,0,62,40,0,0,0,0,0,0,3,0,0,0,1,32,40,0,20,10,31,0,20,100,0,40,20,10,20,3,20,0,0,0,20,0,0,0,20,0,52,22,1,0,0,0,0,20,0,10,0,0,20,0,20,1,30,0,20,2,0,20,10,0,0,0,0,0,1,0,0,0,10,0,0,0,3,20,0,1,0,6,0,20,0,0,40,0,0,0,0,0,0,0,0,0,0,0,0,0,20,10,3,0,0,0,20,6,0,3,0,3,20,0,0,0,0,0,0,0,0,10,0,0,66,0,0,0,0,0,10,0,0,0,0,10,0,0,0,0,0,30,0,0,0,0,0,20,0,0,0,6,0,10,24,0,0,21,20,0,0,20,22,0,5,20,0,20,0,93,20,20,0,0,10,10,0,0,0
22457,2.95,42,15,26,26,18,1,23,4,33,18,0,80,61,4,57,25,24,5,20,36,75,33,135,13,13,3,23,73,20,32,37,10,6,14,53,10,37,5,66,103,12,31,24,42,44,15,42,26,67,17,27,12,25,13,2,31,19,1,23,13,26,20,12,38,171,87,31,19,54,18,17,2,24,18,5,11,17,6,60,87,27,10,27,24,8,12,6,41,14,6,3,15,12,13,15,24,12,8,21,6,20,15,0,4,11,14,41,8,36,4,5,93,9,3,20,14,24,14,64,132,7,11,35,65,20,104,25,10,11,13,2,33,35,18,14,68,25,17,2,14,30,18,24,38,12,6,30,18,0,62,24,0,27,6,68,47,0,19,24,22,68,3,32,6,38,12,8,25,5,6,92,17,19,7,25,23,21,46,39,4,2,19,68,38,52,44,0,18,14,58,47,17,36,41,26,79,18,20,8,16,0,18,22,66,11,29,12,8,29,22,39,20,49,30,81,44,27,25,39,31,22,39,5,6,15,23,54,83,14,19,39,30,96,14,36,59,13,660,41,9
22467,2.55,1,8,17,0,48,20,6,1,22,12,12,1,0,2,54,48,6,186,13,26,0,26,38,5,44,0,14,14,42,38,0,4,36,0,57,0,42,0,36,96,36,23,5,7,33,56,0,37,0,12,0,0,0,0,0,0,0,1,2,0,0,1,4,36,7,72,54,4,18,6,41,0,37,4,1,26,7,150,6,57,79,0,153,152,0,7,19,3,15,42,6,124,27,1,36,0,1,11,21,146,1,13,11,0,5,37,18,6,8,5,18,2,24,14,6,12,36,69,8,15,25,6,14,36,6,102,0,37,0,0,2,36,21,0,1,72,16,93,12,6,0,8,2,12,30,0,5,39,14,1,0,4,0,6,78,12,0,12,12,6,63,5,32,16,20,13,0,42,5,114,14,75,0,76,0,1,116,61,46,6,7,6,2,37,49,58,0,9,6,44,27,9,2,5,21,51,24,0,5,3,0,1,344,24,24,59,38,85,12,165,8,53,22,12,62,9,4,19,15,14,44,75,14,7,94,9,47,56,11,12,120,7,42,63,20,32,44,87,1,7
22469,1.65,86,103,48,65,36,45,16,10,40,29,606,32,1,0,0,1,0,4,0,3,0,0,0,0,0,0,0,66,1,1,0,0,5,2,0,0,5,0,0,0,0,0,0,0,30,0,0,0,0,0,0,0,0,0,0,0,0,0,0,0,0,0,0,0,350,29,208,95,101,89,148,123,801,24,20,45,78,106,94,98,99,64,118,47,3,35,36,74,57,68,0,26,43,0,43,36,29,3,53,27,68,80,2,6,8,254,6,26,30,12,31,149,82,15,12,28,54,19,31,77,23,98,7,19,2,91,4,2,12,0,39,103,38,7,34,36,0,56,13,10,12,12,12,26,12,4,36,12,45,12,12,0,56,1,56,15,2,27,36,31,17,68,58,72,141,52,77,14,3,5,902,27,64,18,39,13,24,80,53,29,27,154,17,51,15,12,6,13,24,6,1,26,30,46,28,18,65,162,17,72,17,61,59,28,146,36,62,15,696,147,86,91,53,6,80,44,31,119,17,48,34,89,54,31,48,81,19,26,8,655,40,45,34,26,9,52,16,4,14,13
22470,2.95,73,66,5,17,15,1,1,10,14,12,8,12,1,0,0,0,0,0,0,0,0,0,0,0,0,0,0,0,0,0,0,0,0,0,0,0,0,0,0,0,0,0,0,2,0,0,0,0,0,0,0,0,0,0,0,0,0,0,0,0,0,0,0,0,128,50,61,41,47,22,447,20,363,24,19,15,33,73,54,52,68,21,37,28,6,22,8,18,20,8,0,6,1,14,8,25,18,0,12,15,8,10,0,4,8,36,11,60,18,9,6,150,2,7,2,6,32,1,2,14,1,13,36,10,13,115,8,3,1,0,16,4,28,16,16,14,1,25,20,12,6,4,23,0,0,4,24,23,1,9,0,11,19,7,32,3,2,13,0,12,9,17,13,23,12,0,26,18,88,14,672,12,22,19,42,6,34,8,22,16,15,121,29,24,30,20,17,17,13,7,15,18,23,38,11,16,2,0,13,43,2,6,15,37,61,30,21,18,256,135,44,59,24,6,53,9,21,8,27,24,8,19,17,22,103,19,1,7,4,767,36,14,25,19,0,25,15,16,6,0
22489,0.42,0,0,6,24,26,0,36,6,0,31,0,144,0,0,0,0,3,3,0,0,24,30,3,0,0,63,0,0,64,3,0,12,2,0,0,0,26,0,24,24,41,24,25,3,606,0,0,0,24,6,1,0,0,24,3,147,50,3,72,0,432,0,0,56,28,1,28,48,26,0,24,0,288,0,6,24,13,4,27,10,1,24,4,24,0,0,1,2,0,24,28,0,31,1,484,0,27,0,0,0,74,24,24,0,5,222,1,5,6,5,1,25,24,4,6,5,24,4,3,96,1,24,148,50,148,24,24,2,0,25,30,48,7,0,7,144,1,6,24,0,24,24,4,0,0,3,24,0,24,0,0,1,3,9,48,35,30,4,0,29,48,3,2,72,147,0,48,0,0,0,24,25,120,74,12,73,1,24,96,24,0,52,30,24,72,52,0,11,48,0,25,5,16,80,0,24,168,24,6,157,48,0,87,26,29,15,0,15,1,27,12,0,37,0,0,9,15,20,17,352,97,66,5,66,26,42,26,27,28,31,79,1,88,51,1,70,4,168,6,29
22492,0.65,0,0,0,0,36,0,72,0,901,72,144,72,36,36,612,36,0,72,0,72,36,72,72,0,72,0,36,67,36,216,36,36,0,0,0,72,252,0,0,72,36,72,36,0,584,72,36,108,72,36,36,36,36,0,0,72,108,3,108,72,576,36,0,36,1,0,36,360,36,144,0,36,108,0,0,36,36,0,0,36,36,0,72,253,0,0,36,36,576,74,39,0,0,38,144,37,0,0,0,36,0,0,36,0,72,216,0,144,0,0,576,108,0,74,36,0,144,252,0,0,0,0,36,36,144,0,0,36,36,0,108,111,36,0,0,0,0,108,36,36,36,108,0,612,0,36,36,36,108,36,36,72,2,0,1224,2,108,36,0,38,46,36,36,180,649,36,36,36,0,36,36,111,113,2,36,108,72,36,108,252,0,4,576,0,180,0,0,108,41,0,36,72,0,578,72,72,612,0,0,72,324,0,108,252,36,72,36,40,0,42,36,207,181,74,1188,74,0,421,2,36,108,76,36,111,38,144,72,37,0,37,77,115,36,36,0,4,36,108,72,0
22551,1.65,24,5,15,12,0,205,24,0,3,1,19,0,0,0,97,0,0,36,0,27,2,24,13,26,24,0,38,1,25,100,14,5,2,18,1,26,28,12,1,12,13,48,0,2,5,26,1,24,25,1,0,14,15,24,24,12,13,6,0,18,206,15,1,0,17,0,0,3,8,38,17,1,0,1,16,16,2,5,0,26,0,1,18,12,96,12,29,0,0,7,0,99,4,15,1,34,0,2,0,96,1,24,15,0,21,0,99,40,36,2,19,0,15,12,0,0,8,37,12,17,24,26,119,0,12,12,13,25,2,26,0,36,0,0,5,96,13,96,13,0,0,2,14,109,0,16,15,14,27,24,0,4,15,62,4,12,41,14,12,38,85,14,7,20,24,14,17,1,2,144,15,27,61,3,0,0,14,25,77,36,3,26,19,39,56,18,6,22,48,0,60,17,26,14,7,0,109,12,4,15,36,0,18,109,0,4,1,99,13,3,77,168,98,4,31,65,31,116,27,50,20,49,7,28,15,136,65,7,24,30,20,66,10,24,15,119,27,25,14,14
22554,1.65,36,2,27,12,0,13,0,12,14,0,8,12,26,0,96,0,12,13,24,3,26,16,18,2,36,6,38,196,12,108,15,0,14,3,1,28,24,12,12,12,12,40,0,2,2,12,14,13,13,2,12,39,13,21,24,41,15,3,1,64,17,15,0,0,12,12,38,0,44,40,1,48,27,6,13,15,15,6,1,55,0,1,25,13,97,6,37,0,97,5,0,97,17,24,2,25,25,3,1,194,0,0,14,0,4,14,99,48,25,0,17,1,14,14,0,17,20,25,15,0,24,2,143,0,34,12,14,42,14,26,0,60,0,12,4,4,12,12,0,0,2,2,12,12,12,13,15,3,37,12,0,7,15,76,14,50,52,24,12,61,62,28,6,33,25,29,13,3,1,156,14,26,132,12,0,12,14,28,53,24,4,26,6,51,42,13,1,18,49,12,24,43,0,53,29,6,206,13,0,4,35,12,20,88,13,24,37,99,13,0,55,213,15,6,42,37,5,123,16,26,24,8,7,68,19,209,62,22,15,20,20,14,8,46,16,7,27,48,14,15
22555,1.65,24,0,0,0,0,288,0,13,13,14,0,96,0,0,0,12,0,12,26,27,14,12,24,7,12,0,13,98,25,99,12,153,12,6,2,15,0,12,25,0,1,24,0,0,0,26,1,0,14,1,0,15,12,24,0,15,15,2,0,12,15,13,0,0,14,48,0,15,24,14,5,0,108,16,13,3,1,15,0,28,0,2,18,12,0,6,220,0,97,5,12,3,0,1,0,24,12,2,0,96,0,0,1,0,0,0,15,28,6,1,26,18,2,0,0,27,5,0,12,2,0,0,12,0,12,12,0,24,1,12,13,48,0,0,4,12,1,108,0,0,0,26,12,16,0,9,3,2,48,12,0,0,14,1,193,38,10,24,0,1,1,24,6,7,12,15,17,38,6,72,0,48,24,26,12,12,13,48,62,24,7,16,19,36,31,12,1,7,37,55,28,20,26,25,32,52,0,0,1,3,48,0,12,65,1,8,29,13,2,3,27,3,26,15,123,22,8,12,7,44,43,15,5,62,6,12,58,16,22,15,41,24,24,41,12,4,14,10,40,27
22556,1.65,36,0,18,12,0,216,12,14,13,1,6,0,24,0,0,12,0,36,37,27,3,26,12,19,36,6,26,139,13,114,0,4,0,6,12,1,48,12,24,0,0,60,12,26,1,24,1,36,12,14,12,12,15,24,0,30,17,3,13,38,21,12,0,0,15,0,12,15,42,37,5,24,48,1,1,12,14,7,0,39,0,0,16,24,0,0,54,0,12,4,12,2,5,12,13,36,0,1,0,96,0,24,13,19,22,12,0,52,24,0,16,13,0,12,0,8,9,0,5,12,12,12,122,12,24,2,12,13,2,0,0,48,0,0,1,100,12,0,0,0,0,48,15,12,0,13,28,15,0,25,12,9,13,60,1,14,0,13,24,60,37,25,1,2,14,13,24,60,1,180,2,3,36,12,0,0,13,24,61,1,1,4,31,48,15,0,2,15,36,37,12,16,0,12,19,16,108,0,1,2,48,0,38,112,1,8,27,5,1,12,64,12,4,25,32,27,15,20,18,32,58,9,5,37,99,99,35,3,32,13,52,0,12,53,1,3,40,50,34,36
22558,1.65,0,1,27,36,72,0,12,6,2,63,5,24,12,0,89,12,12,15,15,8,29,11,39,39,32,54,20,154,48,97,24,9,14,98,17,58,37,6,24,6,51,1,18,65,35,31,12,19,26,5,13,12,31,37,48,12,13,2,12,108,220,49,5,88,14,14,26,14,14,5,1,9,41,24,1,4,9,29,0,24,19,6,15,4,97,0,25,52,1,79,72,67,42,27,1,0,2,4,0,60,0,0,8,0,1,19,49,2,13,6,14,1,55,13,12,3,12,156,5,24,26,64,2,13,0,60,50,3,12,36,40,43,3,2,12,8,2,5,1,0,2,12,19,60,12,38,26,3,36,12,12,0,1,0,26,40,15,145,1,27,36,51,29,0,16,26,48,13,108,96,0,29,99,22,12,13,96,0,16,53,9,26,4,0,26,16,3,0,12,0,12,0,2,21,1,96,109,12,9,27,3,0,70,19,27,22,17,0,12,121,24,1,14,36,24,32,24,27,4,2,0,1,4,7,74,37,17,8,8,19,73,50,6,12,18,8,171,66,6,3
22560,1.25,0,0,5,0,0,0,24,4,0,27,30,24,0,26,0,0,24,0,0,0,72,4,0,2,30,6,6,1,27,0,0,76,3,0,0,1,24,0,48,0,96,48,0,8,3,0,0,48,0,0,24,55,0,48,2,25,50,0,25,27,12,2,0,48,174,0,96,48,36,6,0,0,48,1,4,0,4,3,2,48,0,2,0,24,0,0,49,0,1,5,3,24,0,0,0,0,24,2,0,0,0,0,24,0,5,240,5,24,3,0,0,0,48,0,2,0,48,10,10,0,24,0,72,24,48,24,24,1,0,0,30,72,3,0,0,48,25,242,0,0,0,27,4,1,24,4,24,0,73,0,0,4,1,8,245,0,0,2,0,2,0,24,1,73,48,48,24,24,0,24,4,1,196,48,26,52,0,0,48,0,5,30,192,24,48,96,1,30,4,0,49,24,3,25,0,24,1,0,14,14,4,0,57,37,27,36,1,1,290,0,98,24,7,24,30,74,36,27,4,58,0,50,2,3,6,48,74,31,19,36,314,50,4,1,1,839,25,30,25,29
22577,0.29,0,3,0,0,0,0,2,0,0,0,0,0,0,0,0,12,0,0,12,5,0,0,0,0,0,2,0,0,0,0,6,0,0,0,0,0,0,1,0,0,0,0,0,0,0,20,0,0,0,0,0,0,0,0,0,0,0,0,0,0,0,0,0,0,0,0,0,0,6,0,0,0,0,0,0,0,0,0,0,0,0,0,15,0,0,0,2,0,0,0,0,0,1,0,0,0,0,0,0,12,1,0,0,0,0,0,0,0,0,0,0,0,6,0,0,48,0,0,12,0,0,0,0,12,0,0,0,0,0,0,1,4,21,0,0,0,0,0,12,0,0,0,0,6,0,0,0,1,0,0,12,8,0,0,0,0,6,3,0,24,6,3,0,24,32,12,1,0,6,0,0,0,132,77,206,38,360,122,77,171,20,12,103,145,135,96,80,174,166,97,70,41,0,174,378,98,38,200,18,149,77,329,45,108,139,136,133,130,111,260,72,48,189,279,307,264,177,267,220,149,231,84,155,331,267,406,111,102,18,430,167,95,200,60,97,127,125,35,72,4
22578,0.29,0,0,0,0,0,0,0,0,0,0,0,0,0,0,0,0,0,0,0,0,0,0,0,0,0,0,0,0,0,0,0,0,0,0,0,0,0,0,0,0,0,0,0,0,0,0,0,0,0,0,0,0,0,0,0,0,0,0,0,0,0,0,0,0,0,0,0,0,0,0,0,0,0,0,0,0,0,0,0,0,0,0,0,0,0,0,0,0,0,0,0,0,0,0,0,0,0,0,0,0,0,0,0,0,0,16,0,0,0,0,0,0,6,0,1,0,48,0,12,0,0,0,0,12,12,0,0,0,0,0,1,0,0,0,0,0,0,0,12,0,0,0,0,0,0,0,0,0,0,0,0,0,0,0,0,0,0,3,0,1,0,13,0,24,0,25,1,0,0,0,0,2,72,112,214,24,362,110,72,194,10,16,64,112,122,120,78,63,189,126,70,66,0,96,266,92,90,104,10,100,125,95,69,70,140,61,114,150,175,193,95,390,237,241,282,184,203,291,122,238,223,111,185,183,233,713,176,87,13,271,157,99,214,56,70,151,101,547,72,19
22585,1.25,60,0,13,16,12,156,0,0,0,36,0,12,0,0,12,6,144,18,156,0,0,17,0,12,12,0,60,0,0,23,36,0,13,16,12,29,12,0,24,40,1,18,0,12,15,10,24,169,12,25,24,0,12,0,28,0,2,0,12,0,11,0,0,0,0,0,24,0,24,12,12,0,0,0,0,0,12,2,0,0,0,10,0,24,12,0,18,0,0,12,1,0,0,0,0,4,0,15,1,0,0,3,0,0,0,12,1,24,13,0,12,1,0,12,0,25,0,0,12,0,1,0,1,13,48,7,12,0,0,12,0,0,9,0,0,0,0,13,0,0,12,12,12,16,0,9,0,0,0,24,0,0,0,0,0,1,0,26,0,12,6,0,12,16,144,0,12,13,0,24,0,0,12,0,36,56,0,49,12,26,0,15,1,72,48,24,0,224,12,1,12,144,0,89,13,110,39,12,3,30,16,158,39,0,37,30,12,49,0,37,37,18,1,26,0,0,4,35,20,51,13,15,0,0,51,157,3,171,15,16,59,2,25,4,0,3,1,0,58,14
22595,0.85,24,0,56,12,0,14,0,0,30,37,0,14,0,0,16,0,24,15,13,18,0,3,37,2,24,0,28,12,48,48,5,0,0,4,12,1,15,12,12,0,0,12,0,12,1,24,24,12,0,0,12,0,3,24,1,49,0,12,0,0,0,12,37,0,2,0,24,0,12,15,13,0,0,0,0,0,13,13,0,0,60,14,0,0,25,0,12,1,12,0,0,0,1,0,0,0,0,12,8,0,5,12,0,12,11,48,1,0,1,4,0,1,0,36,1,12,27,15,2,0,0,0,26,12,0,0,0,1,0,0,12,1,0,0,22,12,3,0,16,0,12,36,12,0,0,0,12,2,0,24,24,0,1,26,24,0,28,48,24,0,18,25,12,62,1,15,12,0,7,0,12,63,0,60,24,48,12,58,94,47,0,16,72,36,12,0,3,19,13,14,22,0,12,55,61,58,1908,36,12,40,42,30,73,67,41,11,12,46,55,83,16,36,75,65,34,20,37,37,32,3,87,49,24,15,79,36,8,38,0,1,10,55,50,18,1,8,0,0,20,0
22610,0.19,0,0,1,0,0,36,1,0,0,0,0,0,0,0,0,0,0,0,0,0,0,0,0,0,0,0,0,0,0,0,0,108,0,0,0,0,0,0,0,0,0,0,0,36,36,0,0,0,0,0,0,0,0,288,1,0,0,0,0,1,0,0,0,0,3,0,1,576,36,0,0,0,0,0,36,15,40,0,0,72,36,0,0,72,0,360,36,1,2,72,0,36,36,0,108,1,36,0,1,36,155,104,36,0,22,46,110,45,49,0,79,61,108,9,14,36,47,0,14,36,38,36,2,109,36,108,36,0,0,0,0,0,37,36,36,0,0,0,0,0,72,0,36,36,108,0,72,0,36,36,36,0,0,0,144,0,0,217,0,0,108,0,36,0,0,36,0,36,0,0,36,36,36,0,0,0,180,36,36,36,0,36,0,36,0,72,72,36,36,72,0,0,0,0,72,72,36,36,0,0,612,36,108,0,72,36,108,144,72,180,0,0,0,36,72,72,108,216,108,36,108,0,108,0,72,108,36,2,36,36,0,0,0,36,0,72,72,72,0,0
22616,0.29,0,0,14,0,0,96,12,0,1,1311,48,48,0,12,12,36,0,3,84,1321,26,34,1,72,1,0,24,143,180,180,36,869,0,536,2,60,12,0,12,36,84,96,120,54,92,0,0,1,132,48,36,0,0,0,36,68,24,1,61,24,40,4,0,49,27,108,936,0,0,12,72,0,0,0,0,14,6,12,0,48,0,14,7,1,0,24,504,0,24,48,876,60,25,14,0,217,0,24,6,432,1,86,0,12,13,12,1,13,24,12,19,29,1,0,5,24,96,48,689,24,12,67,11,1,99,12,48,1,1,0,648,1021,41,4,0,12,62,37,26,1,24,48,64,12,0,1,51,300,26,24,12,0,16,13,456,0,0,2,0,24,24,12,14,84,55,0,12,12,37,0,0,17,111,133,30,0,144,1,432,0,0,115,15,192,144,59,0,15,24,0,2,12,12,18,24,12,12,600,0,37,36,1,27,192,0,4,48,37,553,48,12,138,3,0,64,1,48,214,888,80,155,12,2,14,5,48,0,32,2,88,439,51,22,36,0,507,3,51,3,1
22621,1.65,12,8,49,0,0,13,12,3,0,24,13,36,0,1,0,16,24,38,0,14,0,2,15,24,12,7,13,12,145,13,24,6,1,12,1,14,12,0,0,48,12,18,12,42,37,4,36,27,12,24,36,0,12,27,12,0,17,12,62,3,14,0,0,24,36,0,72,4,17,13,12,12,48,12,3,3,0,0,0,39,0,12,50,12,0,6,20,3,12,12,0,0,1,0,0,4,24,9,2,0,1,0,15,2,0,1,1,0,22,9,6,36,12,10,16,1,0,0,0,5,2,12,0,0,109,24,36,61,12,24,74,0,24,24,12,108,12,13,24,0,24,0,19,12,12,12,0,4,84,0,12,24,2,2,61,15,0,4,2,51,15,14,0,49,48,24,40,0,3,0,16,48,14,26,12,40,12,3,0,23,2,34,35,51,27,38,0,38,84,13,27,36,12,31,44,50,29,14,5,56,26,20,49,5,9,44,18,44,128,38,12,1,96,85,46,30,13,100,84,39,250,55,23,44,25,49,68,62,7,24,76,9,50,37,0,100,19,46,58,14
22629,1.95,24,5,26,12,1,326,12,12,20,24,24,100,12,10,12,7,14,14,167,14,14,5,156,25,7,0,25,657,12,105,8,7,13,96,48,24,24,0,0,36,21,60,20,0,7,12,24,38,28,5,24,27,14,13,45,39,14,72,37,103,344,0,0,16,33,66,24,65,12,37,14,27,81,13,15,14,392,6,12,52,1,12,79,25,8,0,27,18,67,36,39,38,30,27,24,41,12,0,1,148,1,14,2,4,1,2,3,6,26,3,2,3,12,39,12,0,29,37,24,50,100,37,36,16,0,36,13,13,12,24,48,139,10,0,26,156,0,362,25,2,48,14,7,292,12,26,38,30,48,28,448,6,2,29,51,28,25,1,6,33,48,13,18,20,21,2,53,36,1,290,13,37,36,31,12,14,102,38,27,15,0,16,26,114,91,57,0,16,63,25,5,18,0,25,12,18,204,2,4,0,2,15,185,75,7,11,13,64,84,37,4,79,56,78,82,214,1,14,102,108,47,16,21,3,34,275,5,22,6,25,70,4,30,21,12,180,78,4,89,15
22630,1.95,36,6,40,194,1,272,12,0,17,38,37,52,12,10,12,3,4,15,38,16,12,3,105,36,8,0,24,664,14,55,7,4,12,70,49,24,1,2,0,48,14,48,31,0,10,0,12,16,19,5,34,3,16,12,22,30,12,36,13,119,384,12,0,3,18,2,25,66,12,13,44,28,82,16,3,12,388,2,12,20,12,18,19,24,27,0,0,2,131,24,53,2,32,17,24,39,0,0,14,132,0,26,4,4,13,1,2,5,26,4,16,2,15,36,12,15,30,101,14,25,15,25,18,15,25,36,0,13,1,24,60,69,4,6,38,68,2,354,13,5,24,16,9,280,0,38,36,26,45,15,448,2,7,28,68,71,13,67,4,29,12,24,12,0,37,13,52,26,3,230,3,76,15,36,2,4,77,28,42,39,0,25,5,94,95,18,0,7,26,12,15,37,0,12,24,3,268,2,4,1,1,14,199,15,31,15,13,0,19,83,18,3,50,17,13,12,2,40,67,82,42,30,23,3,34,218,6,34,10,15,34,18,19,20,12,56,42,4,33,1
22659,1.95,2,0,39,1,0,2,0,2,3,6,24,17,0,13,0,13,64,18,347,78,13,1,210,728,10,1,13,34,104,83,16,0,2,9,0,12,7,14,2,31,29,26,14,24,23,0,12,28,50,14,0,24,15,0,16,336,12,6,8,18,152,13,0,13,35,167,12,200,2,238,27,3,131,81,0,0,5,8,0,3,5,3,5,14,9,0,7,5,129,5,65,18,11,37,12,12,12,2,4,4,0,8,3,6,1,71,67,3,2,3,325,26,0,20,4,12,26,24,136,6,69,287,3,16,0,7,59,13,2,24,26,25,3,0,25,24,0,21,320,0,0,8,12,0,2,18,70,14,11,1,5,3,6,14,265,16,1,7,19,29,13,12,2,48,94,2,20,2,6,12,1,16,15,27,0,69,360,1,12,6,1,7,2,402,8,14,0,5,40,2,1,13,4,12,2,3,0,64,6,3,13,5,34,31,1,5,0,1,322,28,17,30,15,65,12,10,0,3,18,85,21,3,7,4,3,85,3,9,6,4,213,2,6,22,25,5,31,4,6,2
22662,1.65,10,3,31,0,0,100,20,1,14,33,10,33,0,6,14,4,7,39,3,6,33,14,11,14,43,2,23,277,34,10,44,0,11,102,30,22,30,10,11,110,33,30,10,14,6,5,32,14,22,10,10,0,52,0,31,41,18,46,24,126,100,11,16,16,12,0,24,80,16,22,31,14,2,10,15,12,11,5,0,19,0,15,12,3,25,5,12,1,1,30,30,100,22,11,16,20,21,0,10,10,5,2,16,1,29,0,4,0,171,6,23,3,14,16,21,24,43,161,15,21,12,11,11,12,110,33,1,13,0,190,50,30,11,0,3,33,23,267,23,2,40,42,7,103,0,28,11,24,27,10,20,14,6,0,15,16,4,135,0,41,1,10,10,0,34,0,75,29,6,110,12,7,24,20,21,0,3,40,11,30,2,13,20,13,43,6,0,11,22,3,0,10,0,0,25,10,28,20,10,2,14,9,1,26,25,3,5,10,0,24,33,0,1,20,3,13,17,22,110,60,17,23,8,40,32,24,12,13,15,23,11,16,12,1,3,25,3,3,21,1
22666,2.95,25,2,9,9,22,73,18,10,32,10,13,9,47,1,47,53,12,13,10,28,10,13,33,59,1,3,14,44,29,40,37,3,10,0,8,11,27,17,7,25,20,6,62,14,41,8,24,7,33,1,18,0,93,20,10,40,11,31,63,15,61,4,2,30,68,15,81,6,20,21,17,3,0,1,1,2,8,24,24,6,1,17,89,19,4,13,13,9,1,174,22,2,11,9,15,31,1,2,0,55,1,12,0,5,0,7,1,31,5,1,21,26,14,13,2,28,13,68,5,13,37,12,2,2,25,19,8,419,31,13,15,27,7,0,7,36,60,22,12,7,0,21,136,14,0,3,0,4,7,6,10,5,8,1,14,71,26,13,7,16,11,32,26,15,8,1,21,7,19,7,644,17,97,24,21,211,19,15,50,7,1,21,13,3,25,7,14,39,13,23,29,14,6,11,17,30,6,11,11,12,29,4,25,7,26,22,41,56,355,7,26,9,23,7,215,13,28,5,10,43,2,36,23,32,37,75,11,25,23,22,37,60,20,19,8,61,257,21,57,40
22693,1.25,24,0,24,0,24,24,0,0,0,0,0,24,48,24,24,24,0,144,24,24,0,48,0,24,48,0,27,75,48,90,888,0,24,0,0,48,74,0,1,144,1104,24,0,96,27,24,24,83,24,0,24,24,25,48,48,74,48,72,0,48,0,0,24,96,1,96,0,0,24,96,27,27,24,0,0,0,4,24,48,72,0,0,48,0,0,0,48,1,0,48,24,0,0,576,24,120,24,0,0,48,25,27,0,24,0,72,24,0,0,120,0,0,0,96,0,0,0,0,24,48,0,0,24,0,1,576,1,24,0,25,24,0,48,24,0,72,1,24,0,24,0,24,0,0,0,0,0,0,0,0,0,48,1,0,0,0,0,24,0,0,72,48,72,0,2,0,0,0,0,48,0,6,48,0,0,24,1,24,48,0,0,25,0,2,50,24,24,24,27,48,24,25,0,0,48,72,48,48,48,3,72,24,144,24,96,4,0,0,25,192,0,96,5,76,48,50,24,2,36,78,72,28,0,25,4,24,5,6,0,25,76,236,1,25,0,30,0,0,6,195
22697,2.95,30,8,10,7,38,17,4,21,21,12,2,16,12,0,10,24,12,17,96,5,15,36,6,12,7,14,32,24,22,18,15,1,48,21,11,13,25,0,19,25,30,76,44,6,38,13,0,56,54,8,12,8,19,8,29,5,21,28,63,42,20,1,6,14,43,91,34,68,5,20,13,35,57,14,0,18,14,74,9,16,13,22,31,8,66,0,13,15,4,12,18,38,33,46,25,6,52,6,4,50,30,50,4,1,33,18,14,2,3,8,19,11,43,159,6,12,12,66,4,21,0,72,18,11,38,56,45,3,6,7,55,76,3,6,32,8,4,50,31,0,6,12,26,72,0,52,20,23,9,18,0,0,21,17,107,17,6,6,48,36,4,11,54,49,45,17,54,46,3,72,28,25,12,12,3,19,12,36,84,7,6,6,22,204,72,12,42,34,13,38,19,6,6,5,3,22,14,11,0,7,18,12,14,0,34,22,36,1,2,7,14,6,5,45,37,18,58,17,5,20,35,15,9,6,16,29,21,16,13,17,52,23,49,8,6,159,7,40,29,19
22699,2.95,32,8,14,123,39,40,8,18,13,11,9,84,12,0,10,42,24,6,120,2,9,38,8,11,14,14,35,23,10,59,26,1,34,15,18,22,32,0,37,37,30,82,38,40,27,13,0,66,42,11,18,8,20,16,9,38,30,14,40,103,21,7,6,16,50,142,40,48,17,33,19,41,39,35,0,23,12,43,11,24,24,41,26,50,68,0,19,38,74,37,18,33,20,15,18,0,13,24,10,38,27,783,2,1,36,6,8,15,9,10,16,1,30,159,3,18,29,60,51,12,6,102,17,14,14,485,43,0,12,13,50,102,2,0,39,0,10,24,39,0,6,19,55,72,0,64,20,17,19,6,0,18,27,18,110,24,6,6,96,43,5,37,79,48,61,27,48,41,0,102,20,41,18,22,15,13,11,48,72,5,6,6,22,228,84,13,0,43,17,36,19,10,6,83,31,15,110,9,0,15,14,12,21,24,34,28,36,1,6,14,4,6,14,61,6,15,74,16,18,39,42,32,22,19,9,33,20,18,17,25,40,27,22,12,2,156,7,51,45,20
22720,4.95,20,14,24,30,48,31,16,18,30,53,23,31,29,3,161,43,22,24,27,22,18,26,8,63,4,3,15,28,13,20,8,4,14,10,1,4,4,4,0,4,0,0,3,0,5,3,0,1,2,0,0,0,0,1,0,2,0,4,1,0,1,2,0,2,1,0,0,0,0,0,0,0,0,0,0,3,0,0,0,0,0,0,55,39,34,14,15,67,104,214,10,11,44,2,35,52,6,2,13,3,83,23,3,1,13,6,100,45,6,0,37,6,8,25,13,10,21,20,12,19,22,10,17,12,13,13,35,35,43,10,16,48,9,0,4,38,16,11,36,3,12,3,169,84,7,13,6,8,27,18,6,4,15,12,20,8,15,11,2,5,10,26,60,18,14,8,22,21,17,6,719,22,103,20,40,8,15,35,8,12,1,13,27,41,16,31,6,26,39,27,26,36,4,114,28,15,10,15,4,10,24,13,27,3,25,22,89,23,16,15,20,10,26,14,22,10,30,3,19,29,30,18,11,6,10,26,18,11,2,14,82,26,19,19,0,47,16,18,32,18
22726,3.75,8,11,10,1,16,4,15,7,13,8,4,5,6,0,4,22,0,3,19,17,5,30,24,16,6,2,10,53,8,19,17,0,36,302,41,5,8,2,3,32,2,2,4,0,0,0,3,0,2,0,0,0,7,0,0,0,0,0,3,0,0,1,0,0,0,0,0,0,0,0,0,0,0,0,0,0,0,0,0,0,0,0,0,0,0,0,0,0,0,91,22,16,229,16,28,17,6,32,10,28,4,37,8,1,18,37,36,13,5,1,16,20,26,3,8,6,5,31,23,4,12,9,23,18,6,44,12,12,0,25,33,32,12,0,17,30,9,17,4,3,9,10,13,12,36,20,217,16,17,36,6,9,9,32,44,4,19,25,20,17,53,35,18,12,33,8,9,33,57,16,25,42,7,11,43,22,33,55,17,20,3,111,53,78,29,30,0,22,19,25,18,25,5,12,15,26,6,13,2,9,239,35,39,139,63,51,19,19,21,101,22,57,60,41,58,29,10,86,12,31,32,49,19,12,33,37,50,33,20,36,27,93,65,52,21,41,33,100,50,21
22727,3.75,12,11,6,1,24,1,15,7,13,4,1,36,9,0,4,9,8,6,17,6,4,31,2,22,4,2,5,24,5,2,16,0,59,503,28,5,25,2,5,36,4,36,8,0,19,8,15,15,20,13,29,1,14,13,5,10,17,18,17,26,13,11,4,26,8,18,49,13,2,16,8,3,7,20,2,10,7,18,4,11,10,2,3,13,5,2,9,12,30,20,19,14,22,12,28,2,0,1,9,41,58,28,1,1,6,13,32,11,2,0,14,18,7,6,4,2,5,29,20,12,12,5,7,12,6,5,14,3,0,20,23,24,4,0,13,8,5,12,16,2,8,8,10,24,45,20,418,14,20,16,2,7,13,12,28,13,10,50,30,21,53,38,10,9,30,2,0,23,53,24,25,91,12,6,39,22,34,51,3,22,5,103,21,82,26,21,0,13,19,20,26,18,4,14,15,20,14,7,1,13,424,27,38,103,73,46,32,10,64,51,30,71,73,36,49,33,12,84,20,25,30,29,22,15,30,23,47,22,10,32,29,82,63,37,23,127,37,673,62,38
22740,0.85,48,48,1,0,96,0,0,0,2,147,96,48,48,0,0,48,624,96,0,0,0,10,48,0,5,0,50,0,4,51,48,0,0,0,48,49,107,0,48,0,96,0,0,0,51,6,96,48,0,336,0,0,0,48,49,0,0,54,48,97,48,96,0,0,1,0,48,0,96,0,48,0,0,0,0,0,50,0,0,48,0,49,0,48,0,0,0,48,96,1,144,0,49,4,48,96,49,96,0,48,0,1,96,0,0,0,0,1,0,0,1,101,192,1,0,48,0,48,0,96,0,0,384,1,102,192,0,0,0,0,0,0,0,0,0,0,0,0,0,0,0,0,0,0,0,0,0,0,0,0,0,0,0,0,0,0,0,0,0,0,0,0,0,0,0,0,0,0,0,0,0,0,0,0,0,89,0,0,0,0,0,0,0,0,0,0,0,0,0,0,0,0,0,0,0,0,0,0,0,0,0,0,0,0,0,0,0,0,0,0,0,0,0,0,0,0,0,0,0,0,0,0,0,0,0,0,0,0,0,0,0,0,0,0,0,0,0,0,0,0
22741,0.85,0,48,0,0,48,0,0,0,0,48,48,0,0,0,0,0,0,0,624,0,48,0,48,0,0,48,96,0,0,48,48,0,96,48,48,49,96,0,48,48,0,96,0,0,50,3,96,0,1,48,0,0,0,0,48,0,48,4,0,48,96,96,0,0,0,0,0,48,48,0,0,0,48,96,0,0,49,0,0,96,0,48,96,1,0,0,0,0,96,51,48,0,0,0,48,49,96,0,0,0,0,0,0,0,2,0,0,1,0,0,0,0,0,0,0,48,48,0,49,0,97,0,0,0,48,144,0,0,0,0,48,48,0,0,48,96,0,96,0,48,0,0,96,96,0,0,144,0,96,96,48,48,5,48,48,3,48,48,0,0,48,48,48,147,49,48,48,0,0,96,0,60,96,48,0,48,0,96,96,0,0,0,96,96,13,0,0,2,0,1,0,50,0,48,96,98,0,0,0,52,96,0,0,0,96,62,48,52,2,49,0,0,4,0,0,4,48,0,13,52,53,51,48,5,2,96,3,52,48,2,6,54,0,2,48,106,96,0,59,4
22771,1.25,24,16,35,48,0,0,35,12,27,36,2,12,26,0,23,8,12,24,24,24,0,13,36,0,1,13,84,90,0,12,52,36,52,12,221,12,56,12,39,12,14,2,13,6,36,6,12,62,0,8,24,2,38,0,8,27,2,70,44,42,24,32,0,48,4,48,13,24,24,6,5,0,12,12,12,36,29,12,12,0,0,222,13,14,0,12,12,61,34,51,0,0,26,46,36,0,41,12,7,12,4,0,24,12,0,69,12,1,0,4,20,0,31,28,28,24,39,24,11,12,0,36,12,12,3,0,0,24,48,0,40,0,36,24,12,40,14,131,0,0,0,12,24,38,14,24,12,24,21,48,0,8,8,21,55,0,0,36,60,32,24,36,0,27,43,14,85,0,0,0,51,33,12,9,0,0,25,25,0,4,12,20,3,12,36,6,1,24,204,0,12,7,12,0,2,0,0,12,0,24,12,42,0,0,12,15,24,60,15,12,36,60,52,24,12,58,0,41,0,5,1,14,1,0,24,4,4,6,68,24,14,26,2,18,18,1,1,24,13,0
22791,1.25,72,0,2,156,72,0,12,26,0,0,0,12,0,0,12,12,0,57,0,24,0,0,1,0,0,0,0,0,0,0,0,0,0,0,0,0,0,0,0,0,0,0,0,0,0,0,0,0,0,0,0,0,0,0,3,0,0,0,0,0,0,0,72,3,24,216,298,24,0,0,0,0,0,0,0,0,137,0,24,0,14,76,12,40,4,36,12,20,24,0,0,0,47,0,24,12,0,0,240,0,0,0,0,0,0,144,94,0,0,12,12,36,0,0,0,40,36,24,0,0,84,72,7,38,0,0,0,144,24,144,89,24,0,12,12,0,12,0,0,0,0,12,12,72,24,0,12,12,0,0,72,12,2,14,72,159,0,0,12,65,0,0,48,96,0,41,0,0,5,0,144,123,72,16,36,0,0,24,36,0,6,19,12,12,24,72,2,0,0,0,0,24,96,120,0,1,48,24,8,0,0,0,39,18,36,29,12,161,48,98,12,0,36,96,0,32,156,62,51,37,31,94,18,36,47,156,5,0,27,26,48,48,154,96,15,31,48,96,23,12
22865,2.1,0,0,0,0,0,0,0,3,12,0,0,0,0,0,0,0,0,1,2,0,0,2,2,0,0,3,0,0,0,0,0,0,2,0,0,0,0,6,0,0,1,0,0,0,0,0,1,0,0,0,0,0,0,0,0,0,0,0,0,0,0,0,0,2,0,0,0,0,0,0,0,1,0,0,0,2,0,0,0,0,0,1,0,0,0,5,0,0,0,0,0,3,0,0,0,0,0,0,0,0,0,0,0,0,0,0,0,0,0,2,0,0,0,0,0,0,0,0,0,0,0,0,0,0,0,0,0,0,0,0,0,0,0,0,0,0,0,0,0,0,0,0,0,0,0,0,24,48,12,48,24,98,1,24,108,24,2,504,27,18,141,13,133,12,143,3,109,37,26,113,198,117,43,161,42,22,14,26,89,38,12,52,54,84,339,12,22,49,71,25,26,24,8,24,62,136,31,147,7,32,75,8,67,21,100,151,26,45,39,188,80,98,52,92,467,72,78,92,91,75,114,112,48,21,105,101,74,35,8,310,43,64,59,64,57,169,89,250,86,39
22866,2.1,0,0,0,0,0,0,0,0,0,0,2,0,0,0,0,0,0,0,0,0,0,0,1,0,0,0,0,0,0,0,0,0,0,0,0,0,0,0,0,0,1,0,0,0,0,0,0,0,0,0,0,0,0,0,0,0,0,0,0,0,0,0,0,0,0,0,0,0,3,0,0,0,0,0,0,0,0,0,0,0,0,0,0,0,0,0,0,0,0,0,0,0,0,0,0,0,0,0,0,0,0,0,0,0,0,0,0,0,0,0,0,0,0,0,0,0,0,0,0,0,0,0,0,0,0,0,0,0,0,0,0,0,0,0,0,0,0,0,0,0,0,0,0,0,0,0,36,60,12,24,12,2,0,0,114,13,17,108,5,18,38,12,121,24,25,14,27,24,14,98,222,56,130,129,60,8,16,37,41,112,3,14,83,36,308,25,27,34,31,38,28,12,4,9,15,168,43,60,23,17,26,17,20,16,28,15,21,21,87,235,30,158,66,69,436,180,53,205,60,19,93,45,23,59,33,59,38,10,21,242,42,66,36,48,12,171,35,171,91,5
22867,2.1,0,0,0,0,0,0,0,2,0,0,0,0,0,0,0,0,0,0,0,1,0,0,0,1,0,0,0,0,0,0,0,0,0,0,0,0,1,3,0,0,0,0,0,0,0,0,0,0,0,0,0,0,0,0,0,0,0,0,0,0,0,0,0,0,0,0,0,0,0,0,0,0,0,0,0,0,0,0,0,0,0,0,0,0,0,0,0,0,0,0,0,0,0,0,0,0,0,0,0,0,0,0,0,0,0,0,0,0,0,0,0,0,0,0,0,0,0,0,0,0,0,0,0,0,0,0,0,0,0,0,0,0,0,0,0,0,0,0,0,0,0,0,0,0,0,0,24,12,13,12,12,2,1,0,96,26,4,0,24,7,39,0,115,0,130,2,132,24,6,111,210,42,12,37,56,1,63,42,39,142,3,29,82,48,121,24,16,24,56,26,14,12,0,1,30,15,30,168,13,31,61,3,53,17,26,62,16,70,58,138,47,112,50,63,267,39,30,115,27,39,102,79,24,67,53,56,22,33,29,76,26,21,49,30,59,164,49,287,105,4
22907,0.85,12,6,2,4,12,16,15,7,6,0,51,40,96,8,107,4,27,42,114,7,26,17,15,17,19,53,41,74,6,37,22,2,13,21,0,39,26,7,50,29,17,21,36,3,10,65,36,8,18,0,24,0,31,12,26,28,43,21,50,2,123,17,2,13,12,13,56,14,14,15,28,31,0,12,6,5,35,24,15,109,12,7,233,15,12,0,24,6,5,5,25,11,10,1,6,14,0,3,0,24,4,33,1,1,32,4,12,73,3,3,55,54,14,0,0,13,39,36,21,12,9,14,28,24,121,36,12,99,12,136,26,43,12,0,12,96,20,3,26,12,16,0,12,13,0,22,12,42,2,13,36,4,27,0,30,19,20,26,0,2,16,13,15,1,111,37,8,24,30,12,1,115,29,14,7,2,38,18,24,0,0,3,13,108,39,14,2,26,25,2,13,2,0,30,6,9,14,36,7,2,17,24,0,96,7,8,14,0,4,30,17,0,16,0,12,18,27,0,1,5,14,0,3,3,2,23,50,2,5,27,16,0,16,19,13,12,2,99,6,13
22909,0.85,0,0,0,0,0,0,0,0,0,1,0,0,0,0,0,0,0,0,0,0,0,0,0,0,0,0,0,0,0,0,0,0,0,0,0,12,0,0,0,0,0,0,0,0,0,0,0,1,0,0,0,0,0,0,0,0,0,0,0,0,0,0,0,0,0,0,0,0,0,0,0,0,0,0,0,0,2,0,0,0,0,0,13,0,0,0,0,1,0,0,0,0,0,0,0,1,0,0,0,0,1,0,0,0,0,6,97,1,0,0,36,0,0,0,2,0,0,12,0,0,3,4,10,0,1,192,0,144,0,13,0,192,0,0,0,0,0,12,0,0,0,0,12,300,12,0,0,0,39,0,16,2,6,0,192,11,0,132,32,1,6,0,50,32,672,25,108,60,32,12,36,121,84,168,96,84,46,71,96,4,8,28,48,112,108,42,16,74,21,78,26,121,0,212,46,60,82,80,3,57,60,26,102,166,19,54,49,71,74,102,27,229,88,104,127,65,338,338,66,159,61,51,39,22,102,55,40,27,23,36,65,42,72,94,36,233,133,18,64,56
22910,2.95,0,0,0,0,40,0,0,0,0,0,0,0,0,0,0,0,0,0,0,0,0,0,0,0,0,0,0,0,0,0,0,0,0,0,40,0,0,0,0,0,0,0,0,0,0,0,0,0,0,0,0,0,1,0,0,0,0,0,0,0,0,0,0,1,0,0,6,0,0,0,0,0,0,1,0,0,0,0,0,0,0,0,0,0,0,0,0,1,0,1,0,0,0,0,0,0,0,0,0,0,0,5,0,30,0,18,0,0,0,0,0,0,0,12,1,40,18,0,1,7,0,1,0,41,0,206,0,80,0,7,0,200,0,0,6,0,0,12,0,3,6,1,0,86,6,5,6,0,2,0,6,1,80,40,120,3,14,76,24,1,3,20,28,37,18,76,153,79,4,30,335,24,151,123,150,18,58,7,39,23,14,69,307,70,73,16,2,118,106,74,65,44,69,62,10,47,119,82,6,55,52,43,60,28,84,44,178,165,38,87,48,204,76,153,167,58,22,417,179,119,159,214,128,103,269,307,141,185,38,151,162,59,99,97,30,160,87,187,166,36
22951,0.55,24,1,28,0,0,96,24,0,0,25,51,24,0,2,264,0,0,3,2,30,5,31,6,52,3,0,24,326,37,24,7,7,2,27,26,0,0,24,0,24,0,48,0,5,28,0,25,27,34,2,0,0,48,24,24,25,54,8,50,1,13,24,11,3,24,1,0,24,14,0,24,0,0,48,0,0,1,4,0,25,4,2,0,25,0,6,0,2,1,0,48,121,29,0,0,25,0,0,0,240,2,0,0,1,0,0,1,36,0,0,3,1,2,50,3,0,34,0,13,24,0,24,28,5,4,48,48,6,0,24,7,0,24,24,25,0,0,264,0,0,1,0,24,48,96,8,24,48,33,0,48,3,0,0,1,27,24,50,0,0,50,1,51,24,294,3,34,0,24,74,24,26,28,72,0,1,0,28,48,24,4,49,25,0,3,25,0,28,5,48,72,3,0,246,24,24,48,48,26,1,51,25,8,3,26,4,0,1,0,25,6,1,72,25,289,34,43,4,2,7,1,2,7,147,48,4,3,3,6,2,6,2,2,48,24,6,24,24,13,2
22952,0.55,0,0,1,0,0,0,0,0,0,0,0,0,0,0,0,0,0,0,0,0,0,24,0,0,0,0,0,0,0,0,0,0,0,0,0,1,0,0,0,0,0,0,0,0,0,0,0,0,1,0,0,0,0,0,0,0,0,0,0,0,1,0,0,0,0,0,0,0,0,0,0,0,0,0,0,0,0,0,0,0,0,0,0,0,0,0,0,1,0,1,0,0,0,0,0,1,0,2,0,0,0,1,0,26,0,24,120,0,0,0,48,1,5,1,1,120,0,0,6,27,0,4,146,0,1,288,24,384,0,24,0,264,0,0,48,0,24,29,0,0,4,0,4,264,24,3,37,24,31,2,24,0,7,0,432,31,0,264,72,121,24,146,96,72,963,49,62,123,58,74,125,50,178,367,67,48,80,98,104,7,3,124,175,103,124,51,57,42,74,51,123,24,0,649,74,81,241,504,2,105,93,342,65,346,299,50,136,52,125,125,80,301,212,108,249,87,339,438,62,202,195,143,48,79,277,94,40,95,34,200,241,394,86,68,44,154,150,73,135,43
22960,4.25,13,0,39,26,60,141,7,22,77,38,14,26,48,2,31,37,18,39,81,45,38,42,32,69,7,17,22,33,23,38,6,8,39,7,2,8,31,1,20,24,102,50,67,25,29,25,6,19,21,6,18,0,12,24,30,21,2,5,20,8,53,15,1,34,48,102,54,6,12,1,15,6,12,7,7,7,14,30,8,14,18,5,54,20,21,4,25,4,43,25,12,24,21,17,12,21,10,5,3,18,23,24,12,3,16,2,0,38,7,3,10,8,10,37,12,11,25,100,0,13,78,48,9,12,96,90,8,204,1,13,30,19,12,0,14,25,21,10,23,0,6,6,245,12,6,19,8,18,6,13,0,1,13,3,18,24,31,54,1,11,24,7,17,12,56,44,51,25,28,18,90,9,127,28,3,53,73,17,13,30,1,9,23,15,81,16,5,21,86,32,27,18,78,10,25,10,12,0,9,4,36,11,25,18,30,73,2,7,161,57,0,28,10,8,64,5,33,27,5,82,20,25,4,57,38,60,15,13,3,45,223,44,8,27,3,30,80,60,44,7
22961,1.45,25,17,46,49,96,113,43,24,15,156,29,72,157,0,101,62,0,0,76,79,25,50,38,122,36,4,71,200,13,108,28,16,47,38,0,17,12,17,8,1,0,0,2,0,5,3,0,1,3,0,0,0,1,0,0,0,0,5,108,27,98,149,0,36,1,12,101,120,36,12,24,85,32,48,2,1,36,64,2,38,48,44,16,82,13,9,66,24,13,13,24,42,19,4,0,87,51,4,25,14,2,57,125,3,57,19,112,50,3,2,14,69,37,5,13,31,43,46,18,36,26,24,28,4,86,69,13,292,12,85,27,18,493,0,37,121,13,63,44,13,28,12,26,24,12,16,85,25,201,2,12,25,13,25,14,51,63,12,12,31,38,58,312,31,244,63,38,49,2,49,125,128,64,71,16,2,54,43,67,16,24,17,16,61,196,217,6,34,234,37,43,77,52,162,20,36,24,12,36,16,51,4,50,36,5,129,108,29,30,26,38,97,40,26,79,8,39,149,23,38,103,38,4,200,17,163,91,35,10,52,60,72,33,48,4,102,36,699,81,13
22966,1.25,0,0,3,0,36,12,26,2,12,17,36,0,72,0,168,30,1,18,24,31,4,5,24,42,6,5,38,167,2,15,16,8,13,12,1,18,1,0,15,16,0,0,0,0,21,1,17,36,3,18,24,12,14,39,24,18,0,13,3,2,24,16,4,24,16,25,0,0,0,347,1,0,0,0,0,0,0,1,0,0,0,0,0,0,0,0,0,0,0,0,0,0,0,0,0,0,0,0,0,0,0,0,0,0,0,0,0,1,0,0,0,12,1,12,2,12,36,0,12,6,0,2,6,0,49,156,102,0,24,12,13,49,17,36,3,12,13,157,48,0,0,0,27,0,3,1,24,6,44,13,24,14,4,1,30,2,48,6,0,0,28,0,31,24,16,36,38,38,17,0,17,175,69,26,4,14,13,72,28,22,9,26,1,31,26,0,6,33,13,32,24,42,40,100,72,33,38,156,11,31,61,4,45,24,7,3,26,13,169,60,57,36,110,8,12,28,14,4,9,27,33,0,61,37,59,167,32,36,3,88,41,18,3,26,31,51,39,66,47,6
22969,1.45,48,48,14,37,36,288,36,24,16,49,36,48,12,0,132,108,24,20,0,48,540,14,12,12,24,12,84,37,60,36,36,12,12,36,0,60,96,12,48,96,36,36,36,72,28,51,36,62,1,36,156,36,13,12,39,20,24,49,120,24,26,13,24,3,36,24,24,12,12,38,40,0,24,36,0,24,20,28,12,36,2,24,96,48,13,0,30,2,108,0,12,12,24,14,24,42,25,24,12,36,0,0,24,12,1,25,0,24,12,0,0,36,12,24,0,12,37,36,12,0,0,12,26,12,24,0,12,12,13,24,12,24,14,12,0,12,15,0,12,12,12,12,720,24,24,24,24,0,12,48,0,0,4,12,48,0,12,2,12,2,24,24,36,0,50,36,0,36,0,24,1452,28,24,12,24,0,37,13,12,48,0,63,13,204,60,0,36,25,50,14,84,12,0,24,37,24,12,0,0,0,108,12,36,0,12,18,0,18,13,12,132,12,18,1,12,15,48,1,29,65,1,48,24,27,13,0,3,38,12,17,34,15,12,16,48,21,3,12,112,6
22988,1.25,0,9,0,0,0,14,96,27,14,27,0,0,0,0,0,0,150,14,2,0,1,0,0,36,2,0,1,84,168,3,0,0,0,0,0,2,0,0,0,0,0,0,0,0,0,0,12,0,0,0,0,0,0,0,0,0,0,0,0,0,0,0,0,0,0,0,0,0,0,0,0,0,0,0,0,0,0,0,0,0,0,0,0,0,0,0,0,0,0,0,864,0,79,0,64,12,36,12,0,0,61,60,0,0,0,0,30,0,0,0,0,0,0,0,3,0,48,240,147,0,0,288,0,6,0,0,121,12,1,0,144,12,162,28,12,1,36,12,0,0,12,24,36,0,12,12,20,444,2,12,0,24,0,0,144,3,0,24,12,10,2,19,0,24,12,0,2,39,0,0,2,3,61,24,0,156,0,6,172,0,2,16,20,303,24,18,2,49,24,12,0,25,0,4,132,42,8,0,0,0,12,24,0,0,19,17,28,2,148,5,24,12,26,9,12,3,0,1,30,83,17,152,0,50,23,15,10,20,29,29,160,48,7,24,0,328,2,48,23,1
22993,1.25,24,2,26,37,25,200,39,42,82,44,56,20,39,0,120,84,15,30,100,53,66,40,26,90,26,2,59,282,37,41,33,0,62,33,53,31,62,18,25,204,204,94,39,29,43,50,40,40,38,47,24,3,88,133,56,40,54,45,138,45,33,50,1,58,49,120,67,28,21,6,33,65,60,24,5,18,18,2,24,35,36,47,25,51,40,10,42,88,85,14,20,41,16,25,0,56,12,2,18,22,11,41,24,14,56,25,1,49,49,2,31,48,14,36,16,5,73,96,163,91,146,48,7,12,119,168,29,5,14,26,28,174,19,14,23,76,3,25,50,5,3,29,268,98,36,15,48,36,21,43,24,12,35,5,28,76,43,143,10,21,33,48,61,51,109,1,168,38,29,17,88,24,42,14,1,13,123,123,17,1,6,29,20,12,26,171,11,22,62,14,4,3,12,14,24,53,72,48,14,24,56,57,107,36,16,272,7,29,98,86,47,105,25,0,78,16,63,177,34,106,28,15,16,192,46,83,79,9,15,111,202,22,48,30,17,124,157,49,48,29
22998,0.42,0,24,43,26,5,78,72,3,24,28,2,0,5,48,25,1,24,41,38,26,3,0,1,74,24,24,0,96,27,3,76,1,27,30,74,12,24,27,24,24,27,52,533,28,10,32,54,11,552,77,0,48,0,120,118,102,24,28,56,24,8,4,26,63,35,48,37,0,38,49,31,7,19,24,11,489,24,53,1,24,24,11,72,8,48,12,0,30,1,12,60,0,7,81,1,27,48,0,0,48,25,0,27,0,10,49,4,24,0,4,32,528,1,122,48,2,14,504,49,13,49,20,97,0,0,24,97,0,4,24,0,40,96,5,68,2,97,481,0,50,0,30,5,78,0,0,0,8,0,0,0,13,0,24,128,76,0,526,25,25,1,27,2,24,22,0,29,48,29,32,26,46,58,60,0,144,1,15,26,26,10,1,24,144,58,11,34,24,24,1,12,96,0,28,65,50,24,5,24,26,41,72,5,490,18,218,30,26,96,97,87,208,56,31,4,40,6,130,4,7,537,99,31,25,0,2,26,10,8,39,9,73,60,37,55,7,1,51,23,76
23076,1.25,0,0,0,0,0,0,0,0,0,0,0,0,0,0,0,0,0,0,0,0,0,0,0,72,0,0,51,48,72,0,72,48,120,72,72,312,24,0,120,24,0,48,72,72,48,24,24,24,48,24,48,24,72,0,26,72,48,120,0,24,48,72,0,24,0,0,0,0,96,96,24,96,24,24,0,48,24,96,0,0,24,73,48,0,0,48,24,0,48,24,0,24,24,0,48,96,0,0,0,0,0,0,0,0,24,0,72,24,48,48,24,48,72,72,48,24,48,48,72,0,24,0,72,0,24,48,48,0,72,24,24,48,96,0,72,24,0,0,0,24,24,24,24,0,48,72,24,72,0,24,0,24,2,0,24,27,96,48,0,0,48,24,0,0,24,24,48,0,0,0,24,24,120,0,24,0,24,0,72,72,0,24,0,24,240,144,0,24,48,24,72,74,0,24,24,0,264,0,0,99,24,48,48,0,24,0,48,24,24,48,96,0,52,97,312,106,0,0,96,0,1,25,0,1,0,96,12,1,26,72,48,27,28,72,24,24,0,24,73,3
23077,1.25,0,0,0,0,0,0,0,0,0,0,0,0,0,0,0,0,0,0,0,0,0,0,0,80,100,24,25,78,116,40,60,120,60,120,0,40,1,0,20,0,80,80,20,40,102,20,0,0,0,60,60,40,20,0,21,60,60,100,20,0,100,20,40,20,20,0,40,0,40,0,47,0,0,0,0,0,0,80,60,100,20,41,21,0,0,40,0,20,40,0,1,20,20,0,20,1,0,0,0,20,0,21,0,0,40,80,120,20,0,140,60,40,20,13,0,60,0,60,80,80,40,40,40,40,0,200,20,0,40,20,200,60,20,0,0,0,81,40,0,40,3,20,60,0,0,0,40,40,40,20,0,0,2,0,200,45,60,20,20,0,20,20,0,20,320,0,20,0,0,0,40,1,140,20,120,0,20,100,60,80,20,0,0,340,60,120,0,101,20,60,40,40,0,20,60,0,420,80,20,0,60,20,80,0,0,0,20,0,61,180,140,370,100,60,20,65,40,332,22,183,43,60,40,20,60,500,3,20,20,103,40,20,22,41,20,200,20,240,2,23
23078,1.25,0,0,0,0,0,0,0,0,0,0,0,0,0,0,0,0,0,0,0,0,0,0,0,72,48,48,48,138,72,24,120,24,99,120,0,96,24,24,0,24,72,72,0,0,0,24,48,0,24,144,48,0,48,48,51,72,24,48,24,24,24,0,48,24,24,0,24,24,48,48,78,54,0,48,0,0,24,0,0,48,0,48,48,24,0,0,24,24,72,64,0,0,24,0,24,48,48,0,2,0,0,48,0,24,24,24,72,0,0,48,72,0,72,0,0,24,48,24,0,0,1,24,97,72,24,72,48,24,0,0,24,24,265,48,24,0,26,24,0,0,0,24,48,0,0,24,24,0,24,24,48,0,6,5,0,70,48,79,0,26,24,0,24,40,96,0,24,0,0,0,0,2,72,24,120,24,0,0,49,0,0,24,0,20,1,0,0,24,24,24,24,0,0,24,25,48,264,0,60,24,44,0,48,24,0,22,0,27,1,3,92,48,48,50,49,10,0,24,71,96,0,46,24,25,87,328,0,0,0,48,24,29,0,4,0,2,3,24,0,0
23084,2.08,0,0,0,0,0,0,0,0,0,0,0,0,0,0,0,0,0,0,0,0,0,0,0,0,0,0,0,0,0,0,0,0,0,0,0,0,0,0,0,0,0,0,0,0,0,0,0,0,0,0,0,0,0,0,0,0,0,0,2,209,101,28,4,37,79,50,48,12,30,8,60,80,263,33,10,77,40,17,1,0,2,0,10,170,15,2,62,3,390,38,78,71,101,31,375,27,84,33,15,2,49,97,8,3,84,13,25,2,2,14,2,2,120,3,1,0,0,0,0,2,0,0,0,1,9,2,1,0,2,1,0,3,0,0,0,1,2,7,0,0,0,0,1,0,0,0,0,0,7,2,480,279,273,789,78,21,0,2,0,6,0,2,0,4,2,0,5,2,0,0,7,3,9,16,0,18,10,24,0,6,0,365,5,2,1,0,0,2,1,0,0,0,0,0,14,0,0,0,0,0,0,1157,2647,1469,320,340,346,613,464,558,351,935,289,466,376,494,86,687,1697,496,726,588,85,149,667,411,252,547,317,381,2565,408,593,325,188,366,272,1819,574,174
23166,1.25,0,0,0,0,0,0,0,0,0,0,0,0,0,0,0,0,0,0,0,0,0,0,0,0,0,0,0,0,0,0,0,0,0,0,0,0,0,0,0,0,0,0,0,0,0,0,0,0,0,0,0,0,0,0,0,0,0,0,0,0,108,84,0,87,0,253,14,12,27,99,16,28,12,60,0,1,0,12,12,42,14,12,14,24,60,21,12,0,108,5,0,0,13,0,32,7,0,2,4,0,0,3,0,0,7,49,25,1,0,0,4,16,60,0,14,0,0,1,0,48,0,144,0,1,12,60,0,289,27,41,16,44,0,0,0,24,14,16,5,0,9,0,0,108,24,0,12,25,13,3,24,5,17,0,0,1,6,21,96,0,0,12,0,12,0,0,1,24,2,24,15,0,52,0,1,12,12,55,0,0,0,12,1,0,0,29,0,24,0,52,6,0,0,13,17,2,24,0,1,18,6,0,17,0,22,6,1,0,0,24,2,4,9,2,0,58,12,1,3,10,6,16,0,264,96,0,48,6,8,16,12,61,25,5,0,117,5,2,3,50
23170,1.65,0,0,0,0,0,0,0,0,0,0,0,0,0,0,0,0,0,0,0,0,0,0,0,0,0,0,0,0,0,0,0,0,0,0,0,0,0,0,0,0,0,0,0,0,0,0,0,0,0,0,0,0,0,0,0,0,0,0,86,133,72,192,9,82,132,230,73,216,14,48,27,110,98,36,60,15,113,24,30,36,36,12,25,76,62,0,51,38,145,61,15,12,14,24,24,40,13,0,9,0,14,762,24,0,26,28,48,27,14,0,24,0,16,120,0,0,0,36,57,12,0,60,3,12,0,456,0,0,0,12,50,61,0,0,26,1,2,55,37,0,12,4,15,72,12,27,0,20,13,60,0,12,34,19,74,3,0,0,84,49,2,14,24,27,28,15,110,40,2,48,2,38,24,15,24,13,14,24,136,29,6,17,3,156,36,1,48,22,24,13,25,2,12,67,13,19,216,24,12,21,14,21,12,0,24,4,60,2,0,2,2,4,19,24,24,3,14,1,1,3,12,42,1,36,1,19,6,4,2,0,16,14,14,6,2,56,13,19,16,4
23171,1.65,0,0,0,0,0,0,0,0,0,0,0,0,0,0,0,0,0,0,0,0,0,0,0,0,0,0,0,0,0,0,0,0,0,0,0,0,0,0,0,0,0,0,0,0,0,0,0,0,0,0,0,0,0,0,0,0,0,0,98,73,18,180,9,87,96,231,74,204,2,36,19,94,86,24,48,16,16,13,29,12,24,1,24,49,55,0,14,48,96,49,15,12,2,25,24,27,14,0,3,0,17,1376,12,6,37,16,60,14,14,0,24,0,14,60,2,0,0,24,4,0,0,12,4,0,0,468,0,0,0,12,62,62,12,0,14,17,2,16,13,0,12,4,12,72,12,15,0,9,1,12,0,0,11,18,74,2,12,0,78,26,2,2,12,27,16,27,85,36,2,48,2,39,24,15,24,12,15,12,120,29,6,17,5,168,36,0,0,20,12,14,25,2,6,50,2,16,36,18,0,14,12,22,12,0,16,9,78,12,0,1,62,3,9,12,24,2,25,13,4,3,12,31,0,12,1,7,6,9,6,0,3,0,36,16,12,17,1,51,15,6
23199,2.08,0,0,0,0,0,0,0,0,0,0,0,0,0,0,0,0,0,0,0,0,0,0,0,0,0,0,0,0,0,0,0,0,0,0,0,0,0,0,10,30,210,343,120,20,24,137,193,26,44,131,44,80,228,54,35,74,86,48,355,158,151,91,15,43,40,26,36,210,13,53,72,56,237,41,10,24,8,182,22,145,23,51,152,41,8,15,58,20,51,112,110,0,36,112,150,27,41,0,29,218,33,118,21,15,26,53,144,61,55,4,12,16,40,14,10,102,48,90,169,77,20,45,98,9,124,51,66,36,255,31,45,321,6,2,26,214,152,64,21,9,66,7,26,253,80,232,90,37,1054,40,32,12,13,131,26,68,22,76,21,81,4,26,26,38,167,11,160,28,109,50,28,25,154,13,30,0,33,37,166,43,4,24,36,60,570,9,7,33,25,13,54,19,4,354,33,39,112,15,3,221,30,30,0,2,12,21,31,24,1,14,10,39,84,465,47,12,39,204,26,44,71,11,32,30,123,21,67,26,8,19,38,67,51,14,32,12,23,30,30,48
23200,2.08,0,0,0,0,0,0,0,0,0,0,0,0,0,0,0,0,0,0,0,0,0,0,0,0,0,0,0,0,0,0,0,0,0,0,0,0,0,0,0,0,0,0,0,0,0,0,0,0,0,0,0,0,0,0,0,20,36,225,35,16,127,146,8,132,14,1,57,112,24,6,31,230,36,41,0,25,18,83,22,27,2,16,126,12,6,5,20,50,69,4,13,10,17,12,101,33,30,0,10,103,32,213,40,6,18,32,36,64,131,4,10,21,25,2,10,100,9,50,11,41,14,5,50,17,115,10,2,19,152,20,26,231,7,0,25,133,35,24,1,7,38,5,30,30,20,12,160,18,123,21,19,2,8,210,9,41,12,106,0,70,25,22,5,22,46,12,135,20,10,20,30,26,146,1,10,10,22,18,244,24,5,2,30,40,131,7,6,25,24,41,30,40,3,34,13,15,20,15,2,9,17,16,0,2,55,9,16,23,20,11,50,5,29,40,26,11,20,112,34,24,33,2,3,42,14,36,22,27,20,20,51,27,40,33,2,4,17,20,4,1
23201,2.08,0,0,0,0,0,0,0,0,0,0,0,0,0,0,0,0,0,0,0,0,0,0,0,0,0,0,0,0,0,0,0,0,0,0,0,0,0,0,10,180,130,120,22,3,26,117,70,84,34,62,23,23,232,52,23,25,60,52,327,71,122,47,9,56,33,61,91,37,80,27,72,41,211,30,2,41,8,121,22,73,11,43,27,17,3,11,70,12,111,31,35,11,30,133,102,27,51,0,34,18,2,278,0,7,26,122,29,32,170,1,0,14,45,10,3,44,37,2,48,40,36,25,53,40,140,130,72,20,42,20,40,263,49,12,11,258,52,334,20,13,67,41,30,121,22,2,100,82,722,44,25,7,11,13,52,78,15,32,50,59,42,62,35,40,72,32,73,31,100,70,27,320,115,27,122,21,48,49,140,25,1,14,46,23,381,35,11,34,54,32,63,20,2,219,60,38,32,27,0,256,63,11,21,11,43,27,23,17,17,22,44,330,29,443,61,10,39,262,92,26,65,13,25,3,11,10,33,76,5,35,165,97,143,327,1,33,25,4,42,56
23202,2.08,0,0,0,0,0,0,0,0,0,0,0,0,0,0,0,0,0,0,0,0,0,0,0,0,0,0,0,0,0,0,0,0,0,0,0,0,0,0,0,0,0,0,0,0,0,0,0,0,0,0,0,0,0,0,0,20,85,90,40,221,70,274,8,173,63,40,128,263,25,16,44,237,33,10,10,22,26,50,50,90,10,141,22,28,1,12,101,51,150,45,22,32,26,20,100,49,40,3,41,16,110,154,53,13,20,39,64,56,100,4,2,41,78,32,20,125,35,30,36,85,28,44,155,27,33,34,191,20,241,51,18,247,18,20,13,20,33,46,31,3,63,36,140,341,30,38,90,43,119,21,53,19,6,111,48,82,26,84,49,140,35,30,16,21,165,10,65,17,13,50,30,126,107,12,40,1,23,18,167,16,1,29,65,160,180,120,15,32,36,47,51,10,2,34,34,22,29,22,5,32,33,0,21,10,15,25,15,28,37,17,67,28,42,258,37,14,28,214,87,42,57,33,5,13,16,124,115,7,38,41,45,165,45,33,12,251,37,40,70,2
23203,2.08,0,0,0,0,0,0,0,0,0,0,0,0,0,0,0,0,0,0,0,0,0,0,0,0,0,0,0,0,0,0,0,0,0,0,0,0,0,0,0,0,0,0,0,0,0,0,0,0,0,0,0,0,0,0,0,20,100,82,41,286,176,305,18,274,74,181,215,263,40,49,51,87,30,120,10,41,36,66,34,290,52,57,35,63,20,17,112,55,296,143,141,33,45,23,110,84,42,0,38,135,40,25,20,0,21,100,90,65,93,6,11,41,75,153,4,157,94,21,186,70,36,366,77,43,73,160,234,6,247,70,46,769,46,33,27,560,51,571,77,22,89,47,178,290,100,22,92,274,36,151,44,14,29,221,94,94,22,125,54,209,74,34,27,51,192,30,220,92,110,50,40,351,188,23,122,41,64,311,97,43,14,25,44,561,331,40,40,35,151,40,62,135,1,52,57,47,37,16,10,65,60,11,73,304,43,60,109,71,99,75,81,384,60,893,155,164,58,596,72,99,234,67,54,14,29,222,178,45,42,57,66,78,69,34,32,234,61,188,28,20
23204,0.85,0,0,0,0,0,0,0,0,0,0,0,0,0,0,0,0,0,0,0,0,0,0,0,0,0,0,0,0,0,0,0,0,0,0,0,0,0,0,10,60,30,163,10,10,34,50,90,72,10,136,20,40,64,24,43,24,42,51,157,10,152,70,4,11,75,23,20,40,40,38,11,20,310,151,4,17,117,41,11,56,21,32,153,27,22,11,31,18,10,40,71,6,1,130,40,23,51,0,0,340,52,14,60,0,14,71,4,25,40,0,11,57,33,24,0,11,2,42,12,0,24,111,13,33,32,7,22,3,20,60,31,123,28,2,21,250,112,11,50,0,20,6,12,40,20,0,40,10,33,30,47,5,15,0,4,71,3,31,6,17,23,44,1,11,35,29,21,30,3,45,18,4,30,38,0,0,13,3,52,1,6,21,21,170,12,36,0,1,79,22,44,28,10,40,67,11,110,15,2,205,12,0,30,19,14,18,0,11,30,25,33,0,34,10,214,96,30,20,52,20,13,63,18,3,128,0,23,48,20,40,35,27,23,26,40,45,47,120,36,29
23206,1.65,0,0,0,0,0,0,0,0,0,0,0,0,0,0,0,0,0,0,0,0,0,0,0,0,0,0,0,0,0,0,0,0,0,0,0,0,0,0,10,284,162,367,15,22,40,55,144,65,54,95,41,40,56,14,47,55,68,105,177,56,212,103,21,47,22,150,122,130,47,95,67,165,123,51,12,52,23,38,54,37,16,24,81,41,60,26,10,58,115,46,76,112,31,124,72,51,70,1,38,402,0,70,40,50,47,36,29,62,23,9,33,22,45,23,34,65,14,117,140,170,15,323,31,127,61,144,90,45,51,34,93,102,50,2,36,81,65,151,22,0,60,70,213,63,20,23,44,87,84,70,41,11,34,43,42,72,11,87,32,89,26,41,126,32,57,31,112,22,8,61,58,36,16,36,40,1,32,21,48,50,2,32,24,421,56,14,6,9,38,21,31,136,3,52,67,30,10,20,3,5,31,18,0,9,72,7,64,40,0,37,34,11,42,140,146,18,25,153,123,54,29,31,18,24,37,34,50,23,25,62,35,18,16,42,17,20,24,23,45,7
23207,1.65,0,0,0,0,0,0,0,0,0,0,0,0,0,0,0,0,0,0,0,0,0,0,0,0,0,0,0,0,0,0,0,0,0,0,0,0,0,0,10,330,29,47,23,0,35,36,154,50,13,26,10,6,33,31,45,46,87,80,134,101,125,48,16,57,25,70,30,60,50,54,44,35,2,11,6,13,100,50,12,42,32,30,60,30,47,13,13,11,105,5,40,120,24,23,34,43,141,3,22,12,12,33,31,34,31,21,39,12,20,3,30,29,54,27,10,66,13,62,8,140,3,6,51,13,13,97,32,10,0,51,53,414,9,2,6,32,15,477,61,10,40,66,32,210,30,13,85,96,46,46,17,10,7,10,18,14,16,19,23,20,13,13,10,16,37,20,50,31,5,40,4,26,23,23,31,10,16,20,66,32,11,36,50,21,67,16,4,40,21,10,20,11,0,22,28,10,0,14,0,13,34,8,44,14,24,13,16,0,15,32,24,96,21,20,31,8,17,69,2,53,12,51,24,13,24,221,31,16,9,31,16,37,14,12,5,24,11,7,29,11
23208,1.65,0,0,0,0,0,0,0,0,0,0,0,0,0,0,0,0,0,0,0,0,0,0,0,0,0,0,0,0,0,0,0,0,0,0,0,0,0,0,0,163,15,144,26,12,35,6,22,38,24,64,22,6,10,40,49,27,34,98,164,20,43,84,9,75,27,1,50,60,15,72,20,65,1,13,3,12,0,91,20,28,23,40,20,15,17,5,50,3,103,42,80,30,1,33,24,77,41,4,20,3,0,4,33,23,22,10,25,10,20,4,24,42,30,38,30,50,14,90,34,120,20,13,142,21,20,10,45,30,10,11,31,52,1,3,16,20,6,51,20,5,50,43,22,160,10,12,64,107,23,40,29,25,3,0,11,15,5,57,41,116,6,0,15,2,38,20,57,17,4,41,8,25,35,12,31,0,10,16,26,15,0,32,27,121,82,19,14,26,32,60,12,11,0,30,32,10,11,0,1,9,34,0,0,0,12,18,7,14,17,22,114,12,17,50,52,22,30,127,34,10,6,6,19,14,3,12,25,12,10,21,21,40,7,2,3,193,61,25,35,6
23209,1.65,0,0,0,0,0,0,0,0,0,0,0,0,0,0,0,0,0,0,0,0,0,0,0,0,0,0,0,0,0,0,0,0,0,0,0,0,0,0,0,0,0,0,0,0,0,0,0,0,0,0,0,0,0,0,0,0,75,103,203,294,355,179,23,222,199,60,112,70,57,81,35,90,60,40,28,21,21,40,41,131,32,34,111,13,47,30,104,41,155,155,53,131,41,48,42,105,40,0,55,131,1,47,66,15,41,41,91,70,60,10,68,28,34,39,30,90,45,81,391,70,30,164,132,59,60,240,73,36,31,40,24,122,7,16,64,182,31,203,105,1,60,148,36,273,30,50,105,158,53,90,34,29,33,133,83,42,41,89,50,190,15,55,17,41,97,61,306,47,20,190,32,53,63,31,40,0,41,51,77,54,3,37,51,92,143,17,27,57,98,32,16,30,10,40,47,40,133,25,8,44,58,22,15,100,57,47,25,26,11,45,167,34,44,191,146,158,44,96,37,51,18,57,24,30,17,43,92,27,23,80,33,101,72,42,1,101,66,136,38,0
23230,0.42,100,25,0,75,25,0,0,50,75,25,50,25,50,25,25,25,0,26,25,25,25,50,25,0,25,0,0,25,50,25,25,25,0,0,0,25,50,0,25,225,50,75,200,75,0,50,0,0,25,0,25,0,25,75,25,25,25,25,25,75,50,0,25,275,75,75,0,0,75,0,0,0,0,0,25,25,0,0,0,25,0,0,0,0,25,0,75,25,100,0,25,50,50,25,0,25,25,0,0,0,0,0,0,0,50,50,75,25,0,0,50,0,250,100,0,0,50,225,0,25,0,25,25,25,0,0,25,25,0,0,0,0,50,0,0,0,25,0,25,0,0,50,25,0,0,0,50,0,0,0,25,25,25,0,25,0,0,0,0,0,0,0,25,0,50,25,0,50,0,75,25,0,25,25,25,25,25,50,25,25,0,0,150,75,0,0,0,25,125,25,0,0,0,75,0,0,0,0,0,25,50,0,75,25,0,0,50,25,25,50,25,0,0,0,75,25,25,0,0,225,0,25,25,175,125,0,0,0,0,0,0,25,0,0,0,0,50,0,50,0
23231,0.42,25,0,0,25,0,50,0,0,25,25,0,25,0,0,0,25,25,25,0,0,25,0,75,75,0,0,0,0,25,0,50,0,0,50,0,0,28,0,75,225,25,75,0,100,50,0,0,50,0,50,25,0,50,25,25,25,25,25,100,125,25,0,0,50,50,0,75,25,25,0,25,0,0,25,25,0,0,25,25,25,25,50,0,100,0,0,25,0,0,50,50,0,25,0,25,25,0,25,50,25,0,0,0,0,50,25,0,50,0,0,75,25,225,50,0,25,0,25,25,50,0,50,25,25,25,50,0,25,25,25,25,125,100,0,0,75,0,25,0,0,50,0,0,75,0,25,50,25,25,25,25,0,25,0,25,0,24,50,50,25,0,25,75,25,50,0,0,25,0,25,0,75,50,25,75,50,50,25,100,25,0,25,25,75,0,0,0,25,25,0,0,0,0,50,0,0,0,25,0,25,50,0,50,75,50,0,50,25,0,0,0,50,0,25,50,0,25,25,25,0,75,25,25,25,0,25,25,0,25,25,25,0,25,0,0,50,75,0,50,0
23232,0.42,50,0,0,0,25,25,25,0,0,25,0,25,0,25,0,0,0,25,25,50,50,25,50,0,0,50,25,0,50,25,0,25,25,25,25,25,50,25,75,25,25,50,200,25,50,25,0,25,0,0,0,0,25,0,100,0,0,75,125,75,75,0,0,225,0,0,0,0,75,0,25,25,0,0,0,0,0,0,0,0,0,25,150,25,25,0,50,25,0,0,50,0,0,0,50,25,25,0,0,0,100,50,0,0,25,0,0,0,25,25,50,0,200,225,0,0,25,76,0,100,0,75,225,25,0,0,0,0,125,0,0,50,25,25,25,200,0,25,0,0,0,25,0,0,25,0,25,25,25,0,25,50,0,25,0,0,50,25,50,0,75,0,50,25,50,0,0,25,25,25,0,25,50,50,75,50,0,25,50,25,0,25,100,650,0,25,50,0,100,0,25,25,0,25,75,0,0,25,25,0,75,0,25,0,75,25,0,250,50,75,0,100,0,0,25,50,150,0,25,25,50,0,50,25,25,25,0,50,50,0,0,25,0,0,0,25,100,25,100,0
23245,4.95,0,0,0,0,0,0,0,0,0,0,0,0,0,0,0,0,0,0,0,0,0,0,0,0,0,0,0,0,0,0,0,0,0,0,0,0,0,0,0,0,0,0,0,0,0,0,0,0,0,0,0,0,0,0,0,0,0,0,0,0,0,0,0,0,0,0,0,0,0,0,0,0,0,0,0,0,0,0,0,0,0,0,14,40,27,5,27,63,258,74,25,20,60,39,24,49,38,9,4,66,6,616,13,5,23,23,59,64,12,1,11,10,5,186,12,46,11,125,41,50,31,80,16,29,38,205,18,109,27,14,15,22,10,8,37,106,84,73,47,0,22,14,15,40,8,40,28,26,37,37,64,8,17,13,27,19,11,9,52,16,8,14,31,60,45,16,55,25,4,60,13,19,99,7,39,24,19,49,14,69,5,26,20,294,30,37,8,26,24,24,48,29,0,118,16,10,128,34,2,10,9,16,27,8,19,35,36,25,44,9,20,6,26,74,69,25,18,12,8,21,112,26,16,29,6,29,36,41,7,18,43,24,31,37,14,78,8,71,16,16
23293,0.83,0,0,0,0,0,0,0,0,0,0,0,0,0,0,0,0,0,0,0,0,0,0,0,0,0,0,0,0,0,0,0,0,0,0,0,0,0,0,0,0,0,0,0,0,0,0,0,0,0,0,0,0,0,0,0,0,0,0,0,0,0,0,0,0,0,0,0,0,0,0,0,0,0,0,0,0,0,0,0,0,0,0,0,0,0,0,0,0,0,0,0,0,0,0,0,0,0,0,0,0,0,0,0,0,0,0,0,0,0,0,0,128,388,155,1,22,28,199,185,76,164,4,36,59,59,329,53,191,17,33,43,46,13,3,74,259,25,136,42,4,160,16,40,32,40,29,32,25,54,42,24,12,18,90,105,27,34,302,0,10,57,8,40,40,138,28,16,40,22,416,41,32,129,28,15,1,291,53,19,48,28,48,20,122,41,75,31,63,34,11,8,19,9,15,43,2,58,68,9,6,68,14,24,89,33,8,2,44,16,105,45,72,23,15,113,15,73,298,48,161,58,46,37,53,7,205,41,2,9,27,111,57,33,25,31,69,269,25,36,43
23295,0.83,0,0,0,0,0,0,0,0,0,0,0,0,0,0,0,0,0,0,0,0,0,0,0,0,0,0,0,0,0,0,0,0,0,0,0,0,0,0,0,0,0,0,0,0,0,0,0,0,0,0,0,0,0,0,0,0,0,0,0,0,0,0,0,0,0,0,0,0,0,0,0,0,0,0,0,0,0,0,0,0,0,0,0,0,0,0,0,0,0,0,0,0,0,0,0,0,0,0,0,0,0,0,0,0,0,0,0,0,0,0,0,128,384,154,6,19,27,58,37,56,11,24,170,41,37,130,24,160,16,24,28,36,44,3,22,279,24,147,27,8,140,24,186,26,8,31,48,25,65,22,8,8,20,82,77,29,33,156,24,15,16,24,176,24,9,8,4,40,20,152,33,20,80,33,15,0,61,56,51,44,19,40,56,106,19,281,10,10,20,1,4,32,17,13,21,9,78,32,11,16,18,38,0,49,61,13,9,16,136,25,21,8,18,11,49,23,26,132,36,35,7,22,13,65,26,155,35,10,1,8,30,17,48,26,32,33,9,57,5,5
23298,4.95,0,0,0,0,0,0,0,0,0,0,0,0,0,0,0,0,0,0,0,0,0,0,0,0,0,0,0,0,0,0,0,0,0,0,0,0,0,0,0,0,0,0,0,0,0,0,0,0,0,0,0,0,0,154,20,147,57,51,107,106,100,83,17,78,137,90,127,109,61,64,43,32,36,31,14,91,10,39,33,100,32,23,118,51,59,27,35,38,34,80,101,40,14,26,14,138,19,9,21,70,8,56,15,25,29,148,58,120,21,7,71,7,37,58,18,38,42,312,180,71,29,28,34,19,47,13,27,21,11,40,27,104,33,36,34,124,28,44,9,10,37,30,258,134,42,38,52,83,182,34,40,6,49,21,35,37,22,19,25,29,12,44,10,8,54,0,17,39,9,19,48,20,136,56,35,19,17,24,27,216,10,25,36,76,20,16,0,39,25,3,36,34,16,19,29,8,27,17,6,6,20,4,26,24,9,5,11,2,8,41,36,9,23,8,56,30,3,13,15,12,55,24,17,327,24,71,20,14,2,6,13,51,25,5,12,44,6,16,15,15
23300,1.65,0,0,0,0,0,0,0,0,0,0,0,0,0,0,0,0,0,0,0,0,0,0,0,0,0,0,0,0,0,0,0,0,0,0,0,0,0,0,0,0,0,0,0,0,0,0,0,0,0,0,0,0,0,0,0,0,0,0,0,0,0,0,112,98,133,13,19,14,42,25,3,142,28,36,14,122,15,109,3,23,25,33,17,24,6,16,26,18,126,95,13,29,20,13,22,87,27,1,2,1,4,31,0,12,13,57,2,36,7,2,4,4,42,23,2,2,28,2,8,792,4,18,80,52,25,15,1,22,7,24,28,98,17,3,14,27,28,15,1,31,60,54,1,31,36,1,3,2,12,12,53,54,18,2,4,1,15,41,3,15,6,0,36,29,262,0,16,12,15,0,12,31,27,17,30,18,6,12,32,13,11,27,36,48,24,53,2,5,52,16,5,60,12,51,70,37,10,27,17,23,28,13,16,17,37,15,76,30,9,17,78,122,52,80,49,5,51,273,35,51,29,29,120,2,29,173,32,8,37,51,56,55,33,28,68,86,45,68,53,60
23301,1.65,0,0,0,0,0,0,0,0,0,0,0,0,0,0,0,0,0,0,0,0,0,0,0,0,0,0,0,0,0,0,0,0,0,0,0,0,0,0,0,0,0,0,0,0,0,0,0,0,0,0,0,0,0,0,0,0,0,0,0,0,0,0,28,96,130,24,20,12,43,28,23,117,18,84,1,61,19,121,17,38,86,23,14,33,39,13,43,28,125,63,12,72,32,18,57,134,36,4,3,1,12,18,1,24,15,61,4,41,2,11,8,67,24,37,16,20,16,12,8,259,24,24,89,42,1,18,1,23,8,36,18,97,29,5,16,34,13,30,0,19,10,54,1,13,24,1,27,19,51,12,54,55,17,0,2,41,2,41,0,2,31,3,34,55,260,12,81,16,8,8,12,82,58,16,33,39,18,116,50,19,11,45,143,64,14,63,0,22,100,38,38,3,18,87,23,96,47,15,21,26,29,24,30,31,30,63,164,85,44,45,79,184,143,71,94,21,56,473,76,46,139,59,164,36,33,108,64,43,60,217,113,151,81,45,25,168,109,118,91,63
23307,0.55,0,0,0,0,0,0,0,0,0,0,0,0,0,0,0,0,0,0,0,0,0,0,0,0,0,0,0,0,0,0,0,0,0,0,0,0,0,0,0,0,0,0,0,0,0,0,0,0,0,0,0,0,0,0,0,0,0,0,0,0,0,0,0,0,0,0,0,0,0,0,0,0,0,0,0,0,0,0,3,4,48,32,81,170,24,33,101,292,417,75,96,35,39,25,49,298,48,24,6,200,3,52,24,7,29,31,586,161,25,3,2,75,123,123,28,60,32,97,73,120,52,513,101,147,0,150,75,49,49,49,54,30,63,0,81,293,3,264,122,17,80,0,72,96,24,13,0,134,61,24,144,4,31,26,134,51,113,63,4,27,37,267,48,25,98,24,147,96,53,75,50,52,55,103,103,36,48,11,10,26,3,75,27,649,150,130,66,33,4,72,122,54,0,274,10,50,74,24,4,35,102,36,37,96,68,34,25,30,28,48,12,25,9,74,50,24,92,6,7,32,58,32,13,6,31,127,63,7,10,2,7,74,27,27,11,390,1,55,93,7
23308,0.55,0,0,0,0,0,0,0,0,0,0,0,0,0,0,0,0,0,0,0,0,0,0,0,0,0,0,0,0,0,0,0,0,0,0,0,0,0,0,0,0,0,0,0,0,0,0,0,0,0,0,0,0,0,0,0,0,0,0,0,0,0,0,0,0,0,0,0,0,0,0,0,0,0,0,0,0,0,0,0,4,24,54,51,96,48,27,128,193,149,74,49,1,28,3,24,56,21,7,6,4,31,75,0,0,1,26,534,63,24,3,8,4,25,74,3,2,4,72,34,72,26,13,194,75,0,79,24,25,73,52,1,28,48,0,84,25,2,27,120,0,24,48,168,36,72,0,25,60,56,24,24,28,31,0,50,1,16,26,0,25,27,25,26,48,28,1,3,24,53,26,31,1,76,49,10,6,24,3,3,5,6,27,33,361,24,52,10,5,0,1,75,3,24,1,25,25,24,24,3,8,4,0,11,264,14,52,1,50,24,1,56,1,32,1,3,52,30,5,2,27,10,25,6,27,1,6,2,6,6,6,3,73,4,0,7,365,2,29,30,1
23309,0.55,0,0,0,0,0,0,0,0,0,0,0,0,0,0,0,0,0,0,0,0,0,0,0,0,0,0,0,0,0,0,0,0,0,0,0,0,0,0,0,0,0,0,0,0,0,0,0,0,0,0,0,0,0,0,0,0,0,0,0,0,0,0,0,0,0,0,0,0,0,0,0,0,0,0,0,0,0,4,123,4,2,7,6,52,120,24,7,50,248,0,75,4,40,3,0,25,45,24,27,4,5,28,1,0,6,483,59,52,73,2,25,0,75,51,0,12,2,96,20,28,34,365,31,7,7,32,25,25,27,2,37,7,25,48,2,156,2,5,1,4,49,24,48,36,24,2,2,11,195,1,6,5,55,6,151,32,3,19,4,8,7,0,82,72,124,4,9,0,18,48,4,7,83,36,26,7,0,13,245,23,0,31,6,650,48,124,25,55,50,25,4,26,0,4,1,2,169,0,1,3,67,6,7,326,38,32,26,1,243,46,82,174,28,3,26,15,68,190,15,34,58,3,6,2,5,79,28,10,6,57,248,125,122,4,4,565,26,48,40,2
23310,0.42,0,0,0,0,0,0,0,0,0,0,0,0,0,0,0,0,0,0,0,0,0,0,0,0,0,0,0,0,0,0,0,0,0,0,0,0,0,0,0,0,0,0,0,0,0,0,0,0,0,0,0,0,0,0,0,0,0,0,0,0,0,0,0,0,0,0,0,0,0,0,0,0,0,0,0,0,0,0,0,0,0,0,0,72,72,108,76,8,226,2,0,72,0,72,36,180,72,36,146,72,0,0,0,72,0,1,324,0,37,0,144,2,144,108,72,72,72,108,36,108,36,108,180,1,36,138,36,216,72,0,0,108,0,0,0,0,7,108,0,180,0,72,0,0,144,252,144,36,36,36,36,36,0,0,36,36,108,0,0,1,72,180,36,144,972,108,432,0,36,0,108,1,180,0,72,36,0,0,72,36,0,144,0,288,36,72,0,43,36,73,72,36,0,79,2,36,468,108,0,216,180,36,180,36,72,1,0,36,37,36,72,36,72,37,144,108,108,76,75,0,216,76,36,41,39,108,221,180,108,113,34,108,36,148,72,41,73,72,39,4
23343,2.08,0,0,0,0,0,0,0,0,0,0,0,0,0,0,0,0,0,0,0,0,0,0,0,0,0,0,0,0,0,0,0,0,0,0,0,0,0,0,0,0,0,0,0,0,0,0,0,0,0,0,0,0,0,0,0,0,0,0,0,0,0,0,0,0,0,0,0,0,0,0,0,0,0,0,0,0,0,0,0,0,0,0,0,0,0,0,2,0,5,0,0,0,100,1,0,10,1,0,1,0,4,0,0,0,1,10,9,0,0,0,0,11,10,0,1,0,0,0,0,10,1,2,11,0,0,1,10,0,4,0,4,0,0,0,3,17,2,30,0,0,0,10,40,230,20,7,31,40,3,0,20,14,7,0,11,16,10,20,0,12,4,38,21,53,65,23,167,60,0,20,111,31,14,81,29,20,38,74,172,223,5,13,40,58,133,30,12,84,6,15,13,4,0,81,31,35,53,14,1,7,72,25,81,211,27,49,34,81,25,20,67,295,120,229,26,37,26,246,52,56,78,47,67,18,16,40,115,47,22,40,194,208,131,90,3,202,266,23,28,36
23344,2.08,0,0,0,0,0,0,0,0,0,0,0,0,0,0,0,0,0,0,0,0,0,0,0,0,0,0,0,0,0,0,0,0,0,0,0,0,0,0,0,0,0,0,0,0,0,0,0,0,0,0,0,0,0,0,0,0,0,0,0,0,0,0,0,0,0,0,0,0,0,0,0,0,0,0,0,0,0,0,0,0,0,0,0,0,0,0,0,0,6,5,0,0,4,2,0,11,0,0,1,0,0,3,0,1,7,5,11,1,1,0,0,12,10,3,1,0,10,0,4,20,15,2,15,21,110,202,10,10,1,40,2,40,5,10,0,27,2,21,21,4,0,10,20,20,20,4,50,140,3,50,30,13,30,10,31,24,10,75,10,34,35,24,216,40,171,30,72,80,0,30,110,40,40,41,10,15,122,188,176,26,3,84,61,92,103,153,14,106,39,83,55,35,0,187,65,57,198,65,16,210,105,109,294,215,39,35,121,53,63,24,107,567,292,380,64,51,25,539,100,259,150,110,71,50,114,62,220,71,18,79,209,273,240,52,34,54,265,138,257,45
23843,2.08,0,0,0,0,0,0,0,0,0,0,0,0,0,0,0,0,0,0,0,0,0,0,0,0,0,0,0,0,0,0,0,0,0,0,0,0,0,0,0,0,0,0,0,0,0,0,0,0,0,0,0,0,0,0,0,0,0,0,0,0,0,0,0,0,0,0,0,0,0,0,0,0,0,0,0,0,0,0,0,0,0,0,0,0,0,0,0,0,0,0,0,0,0,0,0,0,0,0,0,0,0,0,0,0,0,0,0,0,0,0,0,0,0,0,0,0,0,0,0,0,0,0,0,0,0,0,0,0,0,0,0,0,0,0,0,0,0,0,0,0,0,0,0,0,0,0,0,0,0,0,0,0,0,0,0,0,0,0,0,0,0,0,0,0,0,0,0,0,0,0,0,0,0,0,0,0,0,0,0,0,0,0,0,0,0,0,0,0,0,0,0,0,0,0,0,0,0,0,0,0,0,0,0,0,0,0,0,0,0,0,0,0,0,0,0,0,0,0,0,0,0,0,0,0,0,0,0,0,0,0,0,0,0,0,0,0,0,0,0,80995
47566,4.95,19,27,71,30,76,54,15,9,42,21,23,23,94,2,93,21,95,161,90,146,28,89,123,17,32,36,34,172,129,11,17,13,43,31,60,124,171,31,127,123,30,157,85,20,91,103,247,207,127,107,23,19,279,217,155,132,201,146,338,61,158,45,8,138,199,74,85,181,77,178,100,185,56,312,8,209,133,23,19,50,32,47,386,77,101,20,29,143,98,34,127,76,321,98,39,51,89,0,16,103,36,73,24,24,66,259,31,294,249,2,134,38,30,58,77,17,87,323,250,136,111,28,32,118,181,106,57,26,25,94,53,221,23,15,57,50,134,80,9,0,16,70,115,112,46,43,28,119,137,124,54,9,60,1,64,43,39,110,91,13,8,51,27,19,89,25,164,22,15,7,25,17,53,26,30,11,48,78,32,30,10,29,37,35,18,64,0,2,28,16,29,17,14,15,136,10,24,26,0,2,27,7,28,9,5,32,5,8,4,39,14,18,14,29,40,28,6,3,58,108,18,21,10,324,13,32,56,27,3,9,10,19,8,40,19,16,21,3,22,7
71459,0.85,48,0,40,36,60,36,12,0,48,0,0,36,108,0,168,24,24,24,24,140,0,4,180,48,0,0,12,16,24,48,24,24,132,0,60,216,228,204,36,120,36,120,72,24,40,104,12,106,24,13,184,12,172,36,164,200,216,60,300,168,60,4,12,156,24,12,24,24,24,12,60,268,60,12,12,12,64,12,40,48,0,0,72,68,0,36,12,48,108,240,0,14,36,192,24,148,12,0,12,0,108,48,36,12,22,24,216,120,0,0,12,12,232,36,0,96,16,192,12,48,16,96,0,48,0,0,48,0,24,120,0,120,0,0,0,0,24,24,116,24,36,0,96,12,12,60,108,0,0,12,0,0,16,24,0,60,0,96,96,112,24,0,12,96,0,492,4,0,12,0,0,0,12,96,12,12,240,24,0,0,0,12,0,132,36,0,12,16,0,100,12,0,1,0,4,48,0,0,0,72,12,0,12,0,0,4,0,24,36,12,24,96,36,12,60,28,0,8,12,24,12,28,300,12,4,8,36,0,0,12,108,0,4,0,0,12,56,12,8,12
71477,3.29,0,0,0,0,0,0,0,0,1,0,0,0,0,0,0,0,0,0,0,0,0,0,0,0,1,0,0,0,0,0,0,0,0,0,0,0,0,0,0,0,0,0,0,0,0,0,0,0,0,0,0,0,0,0,0,0,0,0,0,0,436,1,6,48,20,28,112,24,49,8,48,4,4,4,0,8,0,66,1,10,4,4,1,35,2,4,0,780,12,17,24,0,150,0,10,0,12,0,12,0,1,0,4,0,0,41,1,2,12,2,4,12,25,30,0,4,25,32,365,21,0,0,2,0,0,0,3,0,0,0,10,8,4,4,13,48,4,5,144,0,0,0,16,28,8,28,1,0,24,24,0,0,2,78,24,288,1,0,24,0,48,0,4,32,20,72,24,0,0,0,0,2,14,1,0,5,1,36,4,0,3,2,0,0,8,1,0,5,4,0,10,8,6,2,30,53,4,0,0,11,5,626,5,0,74,23,0,14,33,13,13,28,10,24,26,62,4,9,27,11,0,81,4,433,14,36,2,44,0,131,15,10,13,144,0,81,132,96,14,0
79321,5.75,31,1,5,24,0,6,4,0,120,28,12,39,66,5,39,11,6,5,36,11,5,7,10,0,0,0,4,67,0,9,5,0,0,1,13,0,0,0,4,0,1,0,0,0,0,0,4,0,5,0,0,0,5,0,0,104,0,8,45,120,4,10,0,19,0,13,0,8,4,25,0,30,0,15,2,10,4,1,6,6,10,18,16,9,29,13,5,30,7,24,47,0,17,28,0,11,0,4,51,59,0,3,0,0,0,6,3,8,4,2,6,9,0,2,12,4,5,17,61,24,26,0,3,28,528,52,4,36,4,56,0,24,3,0,4,0,56,0,72,3,0,8,5,48,0,1,13,3,8,8,27,51,4,0,36,170,0,2,7,0,12,1,49,34,109,2,96,19,2,0,11,5,6,2,4,8,7,11,78,4,54,0,17,9,0,25,0,76,10,14,4,30,16,44,21,0,25,14,5,48,17,264,28,46,28,33,21,35,13,59,5,194,21,100,109,54,4,103,76,63,11,135,1,155,650,74,26,38,16,32,82,15,13,172,0,20,172,19,53,13
82482,2.55,13,16,9,13,6,6,41,11,33,34,9,17,1,7,26,10,19,23,147,24,5,57,12,42,21,38,14,6,3,119,14,42,28,9,6,14,24,32,48,42,8,18,65,40,29,3,10,22,9,10,12,24,7,24,54,26,24,48,133,43,18,24,1,13,162,18,35,21,42,41,94,27,8,38,6,15,12,90,60,34,23,34,70,14,9,13,1,0,10,55,16,17,5,15,6,21,19,4,84,26,15,31,21,1,13,7,27,6,9,5,78,9,30,8,15,3,91,66,13,34,26,140,14,7,9,248,21,7,28,55,23,46,76,6,18,8,48,57,20,36,6,24,23,6,12,15,32,36,145,41,0,20,37,7,2,338,6,21,0,11,6,36,36,18,53,14,12,37,54,20,24,0,29,103,32,12,18,56,21,11,25,5,54,12,72,11,0,25,13,7,4,79,2,38,0,50,27,162,15,3,15,16,43,19,33,64,15,70,92,233,38,8,28,12,54,36,52,118,2,8,18,14,21,21,16,40,35,13,17,73,23,50,49,6,15,15,8,42,10,4
82583,2.1,3,0,0,8,0,14,11,5,109,17,74,14,12,0,7,37,75,59,11,4,0,18,0,15,19,0,6,18,108,40,14,5,145,1,29,2,13,3,92,16,12,72,7,1,84,8,0,16,13,25,25,4,7,26,32,15,2,1,16,80,23,6,72,12,17,15,12,61,0,73,2,2,20,33,1,15,4,12,2,4,13,29,49,2,1,72,0,22,146,7,15,3,6,19,0,2,1,0,1,15,0,0,0,0,0,21,0,0,11,0,0,7,0,96,0,0,0,16,0,0,1,0,0,8,0,0,0,0,0,23,0,0,0,0,0,0,17,0,0,0,0,17,0,0,0,0,0,30,19,0,5,0,7,0,0,10,0,183,62,99,12,100,27,12,12,72,1,7,4,13,596,2,5,22,0,0,29,14,5,49,1,242,39,36,5,89,1,18,46,3,18,90,7,1,29,1,12,449,2,16,13,15,3,6,28,11,52,14,12,105,22,17,26,27,3,41,95,4,14,25,15,54,0,256,26,14,4,17,32,14,24,26,99,128,28,27,10,0,14,4
84077,0.29,0,48,0,96,288,0,1296,0,576,144,48,336,0,96,240,48,48,96,0,48,0,48,48,0,96,0,96,0,144,96,2304,576,0,48,48,200,48,48,96,336,1776,0,48,192,626,53,48,1200,1248,1152,192,0,48,432,53,240,144,0,288,288,576,0,96,48,432,144,96,288,0,144,192,96,96,48,0,1200,50,3,48,144,0,336,96,48,0,0,1,48,0,0,48,48,384,96,240,97,144,0,48,96,3,144,0,0,97,56,625,235,96,0,672,0,48,48,192,144,0,240,96,240,102,48,290,100,49,288,48,48,0,0,96,2,0,0,96,0,97,336,48,0,144,144,48,0,144,48,48,240,576,0,96,96,2,0,144,48,96,144,0,48,48,48,144,48,384,0,624,192,48,48,96,11,240,96,96,101,144,184,144,339,96,151,118,384,0,96,240,196,145,101,96,48,144,63,48,192,192,432,48,240,48,144,4848,0,48,62,0,288,240,288,96,0,384,144,245,250,144,340,101,293,192,148,96,348,97,257,19,98,96,58,96,241,198,96,0,205,243,240,336,49
84212,0.65,0,0,1,0,0,0,6,0,0,24,84,0,0,0,0,18,0,0,0,60,96,6,0,0,24,0,0,0,48,0,0,0,0,0,0,0,1200,0,0,0,0,0,0,0,18,24,72,24,0,48,0,0,0,12,6,24,24,1,1,0,480,24,0,6,24,0,6,48,0,0,0,72,0,24,0,24,48,240,0,0,78,144,493,6,0,0,0,0,60,96,24,12,0,0,24,36,0,0,480,0,0,0,0,1,24,24,0,0,54,0,24,0,24,0,0,0,0,72,72,48,6,0,0,960,0,0,48,0,0,0,24,0,0,0,0,0,0,0,0,0,0,528,36,0,0,0,0,0,0,24,0,0,0,0,0,0,960,0,0,0,0,24,480,0,0,0,0,0,0,0,0,0,0,0,24,0,0,0,0,24,0,0,0,0,480,0,0,0,0,0,0,0,0,0,0,0,0,0,0,0,0,6,0,48,0,0,0,0,0,0,0,0,0,0,24,24,5,0,0,2,0,0,0,24,0,0,0,0,6,0,0,480,0,0,0,0,48,0,0,0
84347,2.55,0,0,2,1,0,0,0,0,2,0,0,0,0,0,0,3,0,2,0,0,0,0,0,0,0,0,0,0,0,3,0,0,0,0,0,0,0,0,0,0,0,0,0,0,6,0,0,0,0,0,0,0,0,0,0,0,0,0,0,0,0,0,48,0,0,0,0,0,0,0,0,0,0,0,12,0,0,1,0,0,0,0,0,0,0,0,0,1,1,0,0,0,0,0,0,0,1,0,0,0,3,0,0,0,0,0,0,120,0,0,0,0,0,0,0,0,0,0,0,1,0,0,0,6,0,1,0,0,0,0,0,12,0,0,0,0,0,0,6,0,6,0,0,0,6,5,0,6,0,0,12,0,3,60,0,1,0,0,12,7,30,1,6,10,1,0,276,7,0,42,1,124,36,135,35,1,14,0,13,12,0,101,54,19,0,27,1,291,46,0,6,120,24,12,49,37,277,120,31,611,12,10,25,10,27,101,37,91,6,82,2,248,36,141,122,37,12,193,77,253,88,72,52,43,693,224,96,83,31,17,199,131,103,101,178,70,203,63,107,68
84378,1.25,14,8,4,12,21,13,24,8,20,19,12,12,49,0,48,21,0,14,13,14,5,4,2,72,0,4,26,145,25,42,0,16,2,38,13,19,5,12,14,12,0,0,7,0,23,12,1,3,25,25,24,3,4,12,13,12,16,1,14,5,60,12,4,13,13,13,15,0,7,0,26,0,1,12,3,0,1,0,0,24,25,4,2,0,2,0,1,1,2,12,0,12,55,25,0,26,1,1,2,25,1,61,0,0,1,3,6,163,10,0,2,12,4,1,0,13,1,0,12,0,0,0,16,0,13,0,0,289,12,12,24,0,0,1,0,14,1,14,0,4,1,0,25,0,0,3,0,15,14,1,0,30,0,1,15,3,15,0,0,13,36,0,19,12,0,1,4,0,7,0,0,14,63,17,0,0,13,1,12,1,0,17,16,0,31,1,12,18,12,36,36,14,13,1,72,12,74,157,4,6,4,16,15,60,2,6,0,3,26,19,25,2,16,41,13,16,26,7,34,20,28,24,9,116,88,15,18,4,2,37,784,17,39,19,16,46,15,14,29,4
84568,0.42,0,0,35,0,0,294,8,0,3,0,0,288,0,0,0,0,0,34,0,13,0,81,0,0,0,0,6,0,1728,6,0,0,0,12,9,0,9,0,0,0,0,0,0,288,18,0,0,18,0,0,0,0,0,0,0,19,0,20,0,0,288,0,0,0,0,0,0,0,288,0,0,4,0,0,0,7,288,0,2,0,0,0,0,0,0,288,0,6,7,0,0,0,308,12,0,8,0,0,0,288,0,0,0,0,0,0,0,3,5,0,0,288,7,0,0,288,32,0,4,0,8,0,14,30,3,1452,5,2880,22,301,0,0,17,0,0,4,0,0,31,0,0,0,0,0,0,0,0,0,0,0,0,0,92,0,1440,0,0,3,0,26,6,10,0,28,4,0,0,0,0,0,0,18,1,5,0,0,0,2,7,0,0,0,0,0,0,0,0,0,12,6,0,0,0,5,0,19,0,0,0,0,0,0,0,0,0,11,0,0,7,12,0,0,8,5,0,30,0,4,4,6,17,0,288,15,22,0,317,8,0,1,44,288,10,11,0,38,0,0,56,31
84692,0.42,33,3,1,25,26,1,3,0,34,0,29,1,11,3,4,65,2,8,64,0,26,14,0,3,78,0,1,19,25,9,1,26,1,25,60,1,12,52,38,25,0,0,3,0,8,52,11,6,4,426,28,7,27,50,2,82,18,1,50,1,38,28,1,4,32,101,53,50,8,26,27,52,25,3,0,31,0,19,32,0,6,27,80,58,1,0,51,4,2,26,1,65,27,3,0,30,1,10,0,30,50,31,41,6,31,9,28,30,2,0,106,2,26,0,25,0,7,52,60,50,79,2,6,1,6,0,26,9,0,15,10,100,20,3,1,5,28,0,26,8,1,12,0,0,0,0,25,50,108,25,9,0,9,0,5,10,3,29,34,25,26,32,4,26,71,4,80,93,39,26,40,9,26,65,3,34,9,5,30,0,0,4,32,1,50,44,0,2,13,0,2,69,0,6,131,26,25,1,3,14,37,7,76,14,33,22,3,0,53,125,10,29,44,28,78,78,2,12,27,3,43,59,0,35,41,15,9,34,4,11,31,2,15,27,1,102,4,0,44,26
84755,0.65,16,32,52,16,32,16,32,16,8,8,224,48,176,8,24,0,8,48,16,76,40,16,16,160,16,16,24,0,76,12,32,6,24,36,0,48,80,48,80,216,32,240,40,24,68,304,48,184,76,94,128,0,48,184,268,68,224,184,180,176,120,48,16,320,148,76,48,16,114,240,112,200,76,32,16,60,296,16,44,80,32,240,60,88,96,56,40,228,88,204,0,72,52,4,32,60,48,0,180,192,36,104,0,8,56,148,32,68,184,8,36,176,24,40,40,16,116,160,72,100,32,40,24,208,32,16,18,8,64,0,88,68,8,0,0,56,216,412,4,0,64,16,20,32,32,40,88,32,144,184,0,16,8,48,144,48,24,0,64,196,64,16,40,0,360,0,16,0,16,0,0,36,160,32,16,0,0,16,0,16,16,16,32,160,32,48,0,16,16,16,16,0,0,0,44,144,0,8,0,32,40,24,8,0,8,40,0,28,24,8,8,32,40,0,52,168,32,72,24,20,16,16,4,0,40,256,48,4,0,16,0,4,20,0,0,72,16,16,36,4
84879,1.69,24,96,20,24,6,48,72,43,200,80,40,72,216,34,272,363,176,64,37,56,138,69,56,80,40,8,96,24,24,324,117,0,147,248,32,57,232,37,57,168,162,280,24,124,60,248,16,288,111,88,64,1,52,96,114,128,204,40,192,448,360,117,44,64,168,136,48,136,43,116,100,29,264,16,40,104,64,56,64,96,64,44,104,32,40,8,16,52,48,57,233,40,24,82,60,48,56,0,76,40,104,56,16,0,32,92,136,120,64,16,119,8,82,64,16,83,82,134,18,160,56,69,104,16,56,86,152,64,88,24,82,3359,86,161,128,48,96,1008,32,11,64,60,32,95,224,81,206,48,96,400,40,60,8,16,96,16,80,48,88,72,136,40,104,48,296,48,400,68,48,104,64,56,348,32,97,245,74,224,184,48,24,72,84,91,285,48,9,40,76,56,116,72,60,392,48,158,156,16,59,128,80,217,40,49,264,120,294,128,210,80,136,24,56,1312,200,100,56,303,107,297,94,368,157,190,132,80,355,272,8,56,127,112,88,504,66,133,240,256,11,32
84945,0.85,24,0,18,36,55,12,12,24,0,0,0,24,0,0,0,0,0,204,12,12,0,0,48,72,0,0,0,12,13,0,0,0,0,0,120,12,24,12,0,0,0,24,36,0,60,204,36,12,12,48,72,0,0,24,396,60,72,24,0,0,136,24,0,12,12,12,78,30,0,48,2,54,0,0,0,12,0,18,24,0,0,0,60,0,0,0,24,12,24,12,0,0,12,0,36,36,72,0,60,0,0,0,0,0,24,84,72,48,0,0,0,0,0,24,0,0,12,0,0,0,12,0,24,0,24,0,0,0,0,12,0,0,0,72,0,36,0,36,54,0,0,0,24,0,24,0,0,0,0,84,0,0,6,192,204,0,12,12,0,48,0,48,0,0,24,0,228,0,0,36,60,72,36,24,192,0,12,36,36,72,12,12,228,36,240,36,0,15,12,24,12,12,48,94,0,12,12,0,0,72,0,24,12,12,0,6,12,48,48,12,0,204,24,6,60,420,0,72,36,102,12,42,12,264,108,66,102,19,0,36,24,84,324,48,36,42,36,12,162,36
84946,1.25,56,0,60,30,96,16,35,6,18,52,12,3,0,6,12,30,84,159,39,72,48,97,96,36,24,66,0,27,24,74,36,0,7,79,1,13,96,0,55,24,0,108,17,36,144,65,24,26,26,15,108,12,46,6,159,127,42,2,24,36,108,0,72,2,24,170,83,114,18,41,74,144,108,228,0,96,100,9,28,36,90,260,121,75,24,6,116,132,3,7,12,24,47,16,0,72,15,6,216,0,0,12,144,0,98,22,106,163,70,4,12,20,0,36,16,12,48,36,12,313,56,42,45,3,15,0,72,24,26,72,288,113,78,12,98,10,16,31,8,0,0,0,456,48,36,0,36,12,0,42,168,6,19,25,72,56,12,12,72,52,87,12,36,12,4,27,72,0,0,36,170,33,24,46,192,60,0,84,136,80,18,66,64,75,87,44,6,280,75,91,37,4,12,48,41,209,96,24,6,41,36,26,48,36,41,190,216,211,152,60,36,258,112,206,125,167,211,314,47,184,37,137,96,170,53,149,161,20,24,88,85,94,77,105,40,165,171,42,50,42
84947,1.25,360,0,32,54,6,288,0,14,30,2,90,0,0,0,0,12,0,84,3,24,0,19,0,0,0,0,10,0,0,30,36,0,0,24,0,6,14,24,12,0,0,0,0,12,37,0,6,0,2,0,0,0,12,0,36,0,6,2,12,6,360,0,12,48,0,0,25,72,18,7,12,72,72,0,0,15,0,72,12,36,0,1,160,0,0,12,0,64,0,144,0,30,0,2,0,6,32,0,36,0,0,0,72,0,0,18,0,12,24,0,12,13,10,1,0,0,0,96,0,0,12,0,0,1,12,0,0,0,18,0,48,0,0,12,79,10,14,1,26,12,72,0,0,6,60,0,0,0,144,12,72,0,3,0,96,264,12,0,0,12,81,18,36,92,4,216,22,18,6,72,96,24,24,458,0,86,0,24,24,0,6,37,90,0,12,0,19,1,30,6,6,76,54,27,24,7,126,12,18,1,0,8,6,12,28,35,104,48,20,156,0,6,31,72,72,78,0,3,14,348,156,0,6,0,19,12,11,3,24,22,24,8,150,168,5,99,114,24,10,24
84978,1.25,36,7,44,162,75,24,120,25,26,150,36,32,62,2,54,96,0,129,180,30,36,46,120,36,47,6,16,424,36,4,12,30,72,54,58,18,11,66,36,0,24,84,120,12,81,22,36,32,89,36,183,0,43,36,98,45,284,87,121,19,146,36,6,69,24,84,60,36,42,54,72,104,48,108,6,21,16,15,78,9,74,96,172,29,38,42,48,48,8,11,12,12,95,84,102,35,86,0,0,12,171,24,0,0,69,70,26,25,0,0,6,97,24,18,0,18,72,66,24,12,5,36,28,17,48,30,38,13,36,3,30,24,78,12,18,11,122,54,48,0,66,24,0,60,0,120,3,12,12,72,48,18,50,35,36,25,0,108,12,0,72,36,6,18,28,30,29,36,6,14,12,4,12,18,60,6,12,102,84,0,12,0,18,49,24,0,0,18,36,50,12,24,0,15,43,12,78,0,0,3,12,24,0,12,23,7,48,0,24,12,18,164,37,145,0,38,25,290,18,40,53,7,12,22,2,2,51,2,8,115,85,36,12,14,5,40,36,60,37,4
84991,0.55,75,0,26,0,72,25,3,8,159,73,72,264,29,1,26,15,384,52,29,32,61,67,57,25,26,3,77,423,2,80,146,8,50,54,64,5,73,25,181,52,0,120,108,16,57,26,1069,30,48,28,146,24,28,30,25,153,29,31,77,97,266,49,12,26,48,48,2,78,30,10,28,25,120,105,13,24,2,9,1,100,28,0,27,11,4,20,4,27,177,48,48,0,61,3,0,28,0,2,3,24,133,24,0,1,1,556,2,86,0,0,30,5,26,72,0,0,8,24,37,0,49,6,56,30,146,74,72,24,25,49,32,48,90,4,122,145,25,0,48,0,54,0,48,492,48,6,0,41,17,0,96,1,4,28,48,27,34,296,0,2,33,145,434,0,654,0,28,48,3,147,52,145,29,29,24,73,0,41,52,48,6,28,0,25,3,101,0,35,6,48,98,6,0,296,0,25,408,0,0,3,52,0,14,340,31,26,1,27,120,27,62,25,2,73,51,10,36,31,225,247,10,26,8,183,50,103,14,0,10,1,37,50,0,27,21,34,3,31,20,1
84992,0.55,24,2,26,0,49,24,48,0,4,72,49,240,2,2,51,27,480,1,24,33,0,30,30,1,2,0,1,240,2,25,98,3,24,53,25,0,1,25,52,2,0,25,0,0,26,30,506,0,35,6,2,0,2,0,1,150,54,8,27,2,183,1,10,6,24,2,48,4,4,3,0,24,0,58,2,0,1,1,1,25,24,31,1,49,3,6,1,0,120,0,72,0,6,27,0,55,0,2,0,120,0,0,0,0,0,25,6,1477,25,4,4,0,3,0,48,0,55,48,26,72,0,4,0,6,48,0,24,30,72,24,54,120,0,3,74,24,0,3,1,5,24,0,25,37,0,3,0,48,4,2,48,24,29,15,72,49,27,122,0,0,31,2,52,0,600,0,3,48,4,120,72,30,48,52,38,29,24,4,75,0,3,24,26,1,56,102,0,6,26,1,72,0,0,31,25,24,144,0,4,5,6,12,8,244,0,58,0,3,0,3,26,24,10,24,30,10,37,57,148,249,5,4,9,3,34,33,27,0,9,27,27,121,1,29,4,58,4,78,35,0
85152,2.1,120,12,26,14,12,13,4,17,33,1,14,0,0,5,23,1,60,31,3,40,2,19,14,68,149,6,0,11,39,40,15,5,25,0,0,13,0,4,74,4,0,108,38,15,4,4,0,17,0,43,37,6,0,6,17,32,4,0,5,101,8,36,3,25,144,27,27,60,0,24,6,8,4,1,17,51,2,12,25,16,4,2,53,7,2,3,24,15,10,291,4,12,15,24,6,0,1,2,51,14,69,27,36,0,3,62,49,82,0,6,41,0,20,36,14,5,37,13,37,3,2,14,14,13,13,99,13,15,49,0,24,3,157,0,0,0,0,0,0,0,0,0,1,0,0,0,0,0,0,0,0,0,0,0,0,0,0,60,107,158,19,65,24,12,7,51,4,35,3,25,42,35,0,2,6,36,62,16,55,14,11,309,14,18,78,61,1,35,27,60,1,12,10,17,5,50,19,385,1,7,21,87,29,2,14,43,4,51,24,61,3,8,16,25,16,2,1,1,0,0,0,0,0,0,0,0,0,5,22,194,45,96,16,132,4,15,6,620,52,49
16161P,0.42,0,0,50,25,50,50,25,0,0,25,0,0,25,0,0,0,50,50,0,25,50,25,50,25,0,0,0,25,25,0,25,0,25,75,50,25,50,25,50,25,50,75,0,50,50,0,25,50,0,25,25,0,0,0,0,25,0,25,25,25,0,0,0,0,50,50,0,0,50,0,25,25,0,25,25,50,25,0,50,25,0,75,100,50,125,0,0,0,450,0,25,0,25,25,50,0,50,0,25,25,0,25,0,0,25,0,125,50,25,0,50,0,75,75,0,25,25,25,25,50,25,25,25,0,25,50,25,0,0,0,25,50,125,0,0,75,50,0,25,0,75,50,0,25,25,0,25,50,0,25,0,0,0,0,0,0,0,25,0,0,0,0,0,25,0,25,25,0,25,0,25,100,50,0,50,25,25,25,50,0,25,0,50,50,25,175,0,50,75,75,75,0,0,25,50,25,0,25,0,0,100,50,25,75,50,0,0,250,25,25,0,0,0,0,0,0,25,0,0,0,25,50,0,50,50,0,0,0,0,0,25,0,0,0,0,50,75,25,0,0
75049L,1.25,0,6,4,0,0,0,0,96,1,0,384,0,96,0,0,97,0,0,0,0,204,2,6,12,10,96,13,8,0,7,288,0,96,0,0,6,0,0,0,0,108,0,214,2,15,7,0,0,96,0,2,0,6,0,15,208,6,23,117,0,0,0,195,6,22,0,3,8,6,384,2,192,0,0,0,0,5,19,24,0,6,114,12,7,0,0,0,193,0,0,0,12,4,1,0,0,0,0,0,19,1,7,99,0,1,24,6,0,6,0,216,96,0,7,0,30,2,96,2,9,0,0,195,0,0,0,0,0,6,0,0,0,1,12,396,0,0,3,24,192,192,0,9,102,0,0,2,0,2,96,0,9,6,0,0,0,26,0,174,1,4,0,0,0,0,0,0,0,0,0,1,0,96,0,2,96,0,36,0,0,0,0,0,0,0,0,0,0,36,0,0,0,0,12,8,0,6,0,0,0,6,6,0,0,0,4,26,3,0,3,96,2,3,0,12,96,2,0,0,0,6,0,6,1,16,3,385,1,6,14,194,0,0,2,0,0,0,12,0,0
82494L,2.95,6,35,43,5,12,12,4,15,27,1,13,26,10,8,18,30,12,18,6,74,9,40,23,48,14,28,42,21,56,137,6,6,7,8,36,2,42,22,24,6,8,0,0,0,6,1,0,0,0,0,0,0,0,0,0,0,1,0,0,0,0,0,0,0,0,0,0,0,0,0,0,0,0,0,0,0,0,0,0,33,7,55,33,19,8,10,9,8,12,16,16,1,7,6,13,44,5,0,54,30,26,31,18,1,12,73,29,9,0,14,86,0,6,15,14,24,54,38,7,12,24,27,22,32,9,30,25,9,27,15,14,25,1,0,5,18,24,6,21,28,12,0,6,18,18,25,70,35,120,30,0,10,33,12,37,69,6,26,0,8,23,24,81,12,74,39,16,21,48,32,24,5,32,19,17,7,69,50,16,12,34,1,45,20,0,2,0,22,15,0,52,84,15,38,12,25,51,8,18,2,21,6,22,24,55,21,51,72,61,9,51,6,28,12,48,6,33,121,12,10,21,62,19,30,31,56,123,28,17,39,39,74,75,11,30,27,8,46,16,0
84970L,0.95,24,0,18,0,12,12,27,1,25,86,36,144,12,3,12,0,12,28,36,16,12,53,12,30,0,40,3,1,37,0,48,0,1,0,12,24,80,26,12,24,12,158,0,0,37,48,12,24,109,40,111,12,25,24,49,26,10,4,144,1,187,49,9,3,12,48,40,12,48,29,0,49,0,0,3,0,12,13,48,12,22,30,48,12,3,72,29,36,25,12,0,0,2,36,24,0,84,0,48,168,0,12,0,0,2,12,0,39,4,1,36,0,64,24,0,0,12,0,2,0,8,0,5,5,2,24,36,12,48,0,62,5,29,0,25,0,0,24,1,0,60,0,24,12,0,12,0,12,24,24,12,0,19,24,36,26,0,1,12,33,27,12,12,48,12,0,0,0,12,2,6,16,12,12,48,0,0,17,12,0,0,0,0,0,49,2,0,0,49,144,61,36,0,16,14,48,12,4,0,1,0,24,0,0,3,24,18,38,2,36,29,0,7,1,37,9,0,21,1,2,0,0,0,1,0,5,30,6,1,46,54,13,12,37,18,72,12,0,5,12
84970S,0.85,24,48,39,0,0,87,41,3,23,86,108,194,12,3,24,12,0,156,24,12,24,55,60,30,10,90,13,25,12,0,48,0,23,0,60,36,58,24,12,24,12,300,0,24,36,76,192,63,157,25,26,12,37,60,49,36,46,31,12,51,184,24,30,13,60,60,158,12,36,27,8,84,0,144,0,0,38,12,60,18,14,78,50,48,14,120,24,3,3,24,12,0,1,36,72,12,84,0,24,168,2,24,0,0,18,0,0,15,26,2,12,12,41,12,13,12,1,0,144,84,0,4,4,24,2,50,36,3,48,0,3,17,24,0,42,0,4,4,0,0,0,12,0,27,12,24,0,36,0,36,24,0,6,0,36,58,4,2,36,9,30,0,0,0,24,24,0,0,36,2,0,8,36,36,36,145,24,17,12,1,2,12,1,24,12,0,3,12,48,144,48,12,12,15,39,0,0,0,12,13,0,0,0,0,51,13,29,19,12,0,9,0,12,0,2,14,2,27,24,0,13,12,6,0,0,169,16,0,13,10,39,13,168,32,14,96,36,0,4,3
85099B,2.08,169,6,84,288,16,30,181,25,453,117,26,41,101,0,141,45,10,1246,33,71,161,45,337,315,521,0,143,563,331,40,16,10,329,333,118,43,118,34,22,120,40,148,66,220,169,146,110,124,190,67,33,95,51,48,77,94,110,76,396,154,237,340,3,133,161,178,162,273,71,365,251,255,6,44,12,29,21,155,33,35,123,317,135,88,72,148,35,234,313,134,120,123,356,162,120,142,31,30,237,222,60,235,57,4,51,296,200,376,434,7,22,31,76,123,44,135,71,273,279,45,40,25,59,148,162,48,111,12,348,54,38,453,134,23,358,263,557,147,26,22,62,45,281,390,100,478,130,151,1068,108,50,11,38,167,301,153,58,54,84,265,47,53,53,83,144,3,167,119,227,493,150,419,268,276,61,220,174,91,372,66,6,43,77,361,1583,623,22,62,368,78,274,147,18,409,112,54,341,122,7,287,161,48,41,12,51,105,84,244,452,58,120,146,159,725,1074,48,48,660,380,316,97,62,87,147,132,146,245,55,28,42,165,189,149,493,12,66,175,89,106,15
85099C,2.08,31,3,20,5,16,25,22,20,230,40,10,1,2,2,11,21,10,541,44,70,30,28,347,37,5,0,133,95,103,19,4,3,26,0,11,14,25,12,20,10,0,128,19,1,105,5,35,2,55,201,22,0,6,20,139,52,51,31,57,25,0,133,0,26,16,140,33,15,72,11,35,127,100,112,2,12,4,157,14,23,34,34,28,31,110,24,10,11,25,219,10,100,14,30,18,8,13,20,2,20,114,15,20,20,23,114,2,31,150,4,11,16,38,21,2,5,14,100,23,31,22,20,11,108,4,20,21,0,5,20,14,222,3,0,26,30,115,67,21,3,30,0,50,30,20,203,32,22,37,13,28,0,50,18,148,24,24,100,122,149,15,41,12,14,41,2,27,23,2,130,33,222,46,9,0,50,32,31,250,34,1,1,7,120,150,17,1,16,23,116,17,26,12,139,14,34,10,1,2,16,112,25,3,210,25,19,9,21,1,5,45,32,52,146,2,108,13,201,37,223,42,11,106,4,14,8,54,118,5,5,185,128,76,10,10,19,44,34,51,21
85099F,2.08,50,0,66,43,42,30,51,53,226,38,12,11,112,2,13,0,10,936,20,33,10,14,133,168,351,0,122,272,110,228,10,0,76,100,10,36,40,4,0,20,10,136,0,0,6,0,0,0,0,100,0,0,0,0,0,0,0,40,130,14,14,230,0,45,10,21,44,10,12,149,37,202,23,12,0,17,4,240,6,140,113,149,31,33,102,5,30,3,50,11,20,120,412,44,32,16,101,0,112,140,64,31,0,4,9,138,16,336,11,3,4,1,10,0,0,14,29,10,51,14,25,11,23,203,41,121,32,14,15,41,42,322,115,12,12,30,232,31,2,13,33,0,133,150,10,2,66,20,720,30,30,6,19,100,146,2,11,15,20,121,25,6,2,1,31,0,144,21,105,14,20,210,65,250,20,0,12,35,144,10,5,12,11,111,831,206,1,5,113,13,25,15,0,233,39,11,148,0,2,6,12,0,1,11,0,25,124,20,1,0,33,35,13,246,3,12,2,100,1,39,32,22,2,3,11,2,22,10,4,12,34,125,42,221,2,1,6,20,12,0
85123A,2.95,40,27,37,86,33,96,27,101,26,145,98,57,125,3,19,114,141,87,56,47,38,84,83,52,31,77,44,185,68,75,133,77,66,51,65,50,68,74,45,198,73,127,8,23,2102,110,73,137,179,73,111,12,317,85,421,179,142,216,142,120,227,25,143,201,156,73,108,92,153,113,144,68,653,22,26,168,29,353,29,49,108,56,109,15,68,33,17,50,118,42,15,147,29,13,18,106,38,32,66,12,77,46,39,18,8,134,5,59,32,20,81,786,58,224,23,23,114,157,104,52,132,160,43,8,58,490,74,107,61,32,91,130,38,89,73,121,132,60,28,52,104,87,69,15,6,15,420,122,58,106,24,42,63,37,112,166,16,95,184,16,27,29,89,117,131,85,144,100,81,42,398,11,58,127,69,48,17,125,80,111,21,23,20,49,13,34,26,123,46,25,243,187,55,69,21,39,26,13,63,76,16,17,117,90,128,149,39,80,1265,85,86,95,97,113,71,134,65,380,457,157,102,125,101,36,253,248,131,222,8,133,116,311,41,117,8,298,39,200,108,4
M,1.25,0,0,18,4,0,0,1,0,3,6,13,0,1,25,1,0,18,2,4,0,0,0,0,0,1,1,2,1,1,5,7,0,3,0,0,2,0,0,1,0,7,0,0,0,24,1,0,1,2,50,0,0,1,0,3,0,1,0,0,0,3,0,2,2,1,0,0,0,0,0,0,0,0,2,0,2,1,0,0,0,12,1,1,12,0,0,6,1,0,0,0,0,0,0,0,1,0,0,0,0,4,0,2,0,3,0,3,0,5,4,7,0,0,2,12,0,1,14,0,1,0,0,0,0,0,0,0,40,1,0,0,1,6,0,0,1,0,0,1,0,0,0,13,4,1,0,0,0,1,0,0,0,0,0,137,0,0,1,0,0,0,0,0,0,12,0,0,0,1,0,133,0,39,10,0,0,0,183,0,3,0,16,13,0,3,0,0,22,18,18,1,5,1,2,0,7,1,0,2,744,361,1,0,8,31,0,0,0,838,5,22,0,32,1201,2,2,1,2,6,0,62,0,0,4,1686,0,0,2,21,0,0,1,9,0,0,802,5,0,3,0
